frame,idx,hdim_1,hdim_2,num,threshold_value,feature,time,timestr,lon,lat,ncells,case,domain,size_km2
0,4,12.993398117583878,112.44718659411782,6,0.3,2,2024-08-06 13:00:00,2024-08-06 13:00:00,14.21223593297059,51.91496699058792,25,case1,DOM02,4.715207995112831
0,9,22.702753812205046,59.306701077227814,20,0.3,3,2024-08-06 13:00:00,2024-08-06 13:00:00,13.946533505386139,51.96351376906103,42,case1,DOM02,7.921549431789557
0,11,36.266873467193186,106.1946874873993,94,0.3,4,2024-08-06 13:00:00,2024-08-06 13:00:00,14.180973437436997,52.031334367335965,137,case1,DOM02,25.839339813218313
0,12,39.12304295826049,139.60979029887122,46,0.3,5,2024-08-06 13:00:00,2024-08-06 13:00:00,14.348048951494356,52.045615214791304,59,case1,DOM02,11.127890868466283
0,16,43.42601410930209,50.78654601877914,5,0.3,6,2024-08-06 13:00:00,2024-08-06 13:00:00,13.903932730093896,52.06713007054651,3,case1,DOM02,0.5658249594135397
0,17,50.73709386660043,132.40330835921387,144,0.3,7,2024-08-06 13:00:00,2024-08-06 13:00:00,14.31201654179607,52.103685469333,168,case1,DOM02,31.686197727158227
0,23,70.9971497986591,129.58269103443962,95,0.3,9,2024-08-06 13:00:00,2024-08-06 13:00:00,14.297913455172198,52.204985748993295,113,case1,DOM02,21.312740137909998
0,24,82.44016109894214,179.4143539478677,5,0.3,10,2024-08-06 13:00:00,2024-08-06 13:00:00,14.54707176973934,52.26220080549471,0,case1,DOM02,0.0
0,25,85.50451943638696,155.2603869402507,10,0.3,11,2024-08-06 13:00:00,2024-08-06 13:00:00,14.426301934701254,52.277522597181935,19,case1,DOM02,3.5835580762857515
0,26,96.25723416521505,46.88991448886152,199,0.3,12,2024-08-06 13:00:00,2024-08-06 13:00:00,13.884449572444307,52.331286170826075,281,case1,DOM02,52.99893786506822
0,29,95.02776719751193,134.5855805692499,71,0.3,13,2024-08-06 13:00:00,2024-08-06 13:00:00,14.32292790284625,52.32513883598756,89,case1,DOM02,16.78614046260168
0,30,95.01302281004497,172.11578292327872,35,0.3,14,2024-08-06 13:00:00,2024-08-06 13:00:00,14.510578914616394,52.325065114050226,48,case1,DOM02,9.053199350616635
0,33,98.11580782400675,89.95059487627171,51,0.3,16,2024-08-06 13:00:00,2024-08-06 13:00:00,14.099752974381358,52.34057903912004,66,case1,DOM02,12.448149107097873
0,35,104.86698548867028,74.30494288400662,164,0.3,17,2024-08-06 13:00:00,2024-08-06 13:00:00,14.021524714420034,52.37433492744335,214,case1,DOM02,40.36218043816584
0,40,129.84305843572113,42.04432362022188,42,0.3,20,2024-08-06 13:00:00,2024-08-06 13:00:00,13.860221618101109,52.499215292178604,59,case1,DOM02,11.127890868466283
0,44,134.47774068358436,131.2174288497414,62,0.3,21,2024-08-06 13:00:00,2024-08-06 13:00:00,14.306087144248707,52.522388703417924,75,case1,DOM02,14.145623985338494
0,49,40.58163997705675,160.9544227758228,7,0.5,24,2024-08-06 13:00:00,2024-08-06 13:00:00,14.454772113879114,52.05290819988528,66,case1,DOM02,12.448149107097873
0,56,98.73836184910043,105.95262795139688,53,0.5,26,2024-08-06 13:00:00,2024-08-06 13:00:00,14.179763139756984,52.3436918092455,287,case1,DOM02,54.1305877838953
0,64,118.95588516121711,27.459283139208193,5,0.5,27,2024-08-06 13:00:00,2024-08-06 13:00:00,13.78729641569604,52.44477942580608,283,case1,DOM02,53.37615450467725
0,65,133.7253426953693,82.49333282469456,27,0.5,28,2024-08-06 13:00:00,2024-08-06 13:00:00,14.062466664123473,52.51862671347685,105,case1,DOM02,19.80387357947389
0,66,132.8779291636771,158.62647364644764,5,0.5,29,2024-08-06 13:00:00,2024-08-06 13:00:00,14.443132368232238,52.51438964581838,101,case1,DOM02,19.04944030025584
1,5,24.4354071548222,59.566994113368466,7,0.3,30,2024-08-06 13:05:00,2024-08-06 13:05:00,13.947834970566841,51.97217703577411,34,case1,DOM02,6.41268287335345
1,6,36.16690223674668,106.41275727847665,73,0.3,31,2024-08-06 13:05:00,2024-08-06 13:05:00,14.182063786392384,52.030834511183734,126,case1,DOM02,23.76464829536867
1,7,39.41203134432945,140.24861600106865,39,0.3,32,2024-08-06 13:05:00,2024-08-06 13:05:00,14.351243080005343,52.04706015672165,58,case1,DOM02,10.939282548661769
1,8,39.566040322598035,161.18324796894584,52,0.3,33,2024-08-06 13:05:00,2024-08-06 13:05:00,14.45591623984473,52.04783020161299,63,case1,DOM02,11.882324147684335
1,9,50.60184675613887,132.40129788464722,141,0.3,34,2024-08-06 13:05:00,2024-08-06 13:05:00,14.312006489423236,52.103009233780696,170,case1,DOM02,32.06341436676725
1,12,71.19210598921029,130.10768729737626,87,0.3,36,2024-08-06 13:05:00,2024-08-06 13:05:00,14.300538436486882,52.20596052994605,114,case1,DOM02,21.50134845771451
1,15,85.49554224792563,155.2489329372545,7,0.3,37,2024-08-06 13:05:00,2024-08-06 13:05:00,14.426244664686273,52.27747771123963,17,case1,DOM02,3.206341436676725
1,16,96.22123318439482,47.269148479542324,190,0.3,38,2024-08-06 13:05:00,2024-08-06 13:05:00,13.886345742397712,52.33110616592197,272,case1,DOM02,51.3014629868276
1,19,95.20371156103499,134.55994043029446,62,0.3,39,2024-08-06 13:05:00,2024-08-06 13:05:00,14.322799702151473,52.32601855780518,89,case1,DOM02,16.78614046260168
1,20,94.90047842197433,171.79345321831684,32,0.3,40,2024-08-06 13:05:00,2024-08-06 13:05:00,14.508967266091584,52.32450239210988,47,case1,DOM02,8.864591030812122
1,23,98.12388032153775,90.35161999896054,44,0.3,42,2024-08-06 13:05:00,2024-08-06 13:05:00,14.101758099994802,52.34061940160769,69,case1,DOM02,13.013974066511413
1,24,105.13519016273747,74.45407432117955,157,0.3,43,2024-08-06 13:05:00,2024-08-06 13:05:00,14.022270371605897,52.37567595081369,208,case1,DOM02,39.23053051933876
1,26,117.48410433467501,32.80831962322016,214,0.3,45,2024-08-06 13:05:00,2024-08-06 13:05:00,13.8140415981161,52.437420521673374,296,case1,DOM02,55.82806266213592
1,28,129.67381541424567,41.57047929503378,37,0.3,47,2024-08-06 13:05:00,2024-08-06 13:05:00,13.857852396475169,52.498369077071224,60,case1,DOM02,11.316499188270795
1,32,134.52294094039013,131.16298836669617,66,0.3,48,2024-08-06 13:05:00,2024-08-06 13:05:00,14.30581494183348,52.52261470470195,74,case1,DOM02,13.95701566553398
1,43,98.56746024504751,105.78667040359757,46,0.5,52,2024-08-06 13:05:00,2024-08-06 13:05:00,14.178933352017987,52.34283730122524,292,case1,DOM02,55.073629382917865
1,47,133.81519372022996,82.54035453625265,26,0.5,53,2024-08-06 13:05:00,2024-08-06 13:05:00,14.062701772681264,52.51907596860115,108,case1,DOM02,20.36969853888743
1,48,133.5766049973202,158.75374663328788,7,0.5,54,2024-08-06 13:05:00,2024-08-06 13:05:00,14.44376873316644,52.5178830249866,107,case1,DOM02,20.18109021908292
2,8,27.870599845752054,57.016919087522204,13,0.3,56,2024-08-06 13:10:00,2024-08-06 13:10:00,13.935084595437612,51.989352999228764,49,case1,DOM02,9.24180767042115
2,9,37.41559842744535,106.1193053280681,50,0.3,57,2024-08-06 13:10:00,2024-08-06 13:10:00,14.18059652664034,52.03707799213723,77,case1,DOM02,14.52284062494752
2,10,40.45491555512327,160.54672379782875,62,0.3,58,2024-08-06 13:10:00,2024-08-06 13:10:00,14.452733618989143,52.05227457777561,75,case1,DOM02,14.145623985338494
2,11,40.77190273295648,138.42350946063368,29,0.3,59,2024-08-06 13:10:00,2024-08-06 13:10:00,14.342117547303168,52.05385951366478,47,case1,DOM02,8.864591030812122
2,12,51.448406917072255,132.55391063216572,153,0.3,60,2024-08-06 13:10:00,2024-08-06 13:10:00,14.312769553160829,52.10724203458536,179,case1,DOM02,33.760889245007874
2,15,56.6700797950152,9.499114997007558,6,0.3,62,2024-08-06 13:10:00,2024-08-06 13:10:00,13.697495574985037,52.133350398975075,28,case1,DOM02,5.281032954526371
2,18,69.31360558439454,133.64857662719714,33,0.3,63,2024-08-06 13:10:00,2024-08-06 13:10:00,14.318242883135985,52.19656802792198,49,case1,DOM02,9.24180767042115
2,20,75.70766325363182,127.0387894994695,25,0.3,64,2024-08-06 13:10:00,2024-08-06 13:10:00,14.285193947497348,52.22853831626816,42,case1,DOM02,7.921549431789557
2,21,86.65555129294992,154.16278286520446,9,0.3,65,2024-08-06 13:10:00,2024-08-06 13:10:00,14.420813914326022,52.28327775646475,18,case1,DOM02,3.3949497564812385
2,22,96.75352647518905,46.23015240780457,124,0.3,66,2024-08-06 13:10:00,2024-08-06 13:10:00,13.881150762039024,52.333767632375945,221,case1,DOM02,41.682438676797425
2,25,95.94078599129281,134.92279280866563,65,0.3,67,2024-08-06 13:10:00,2024-08-06 13:10:00,14.324613964043328,52.329703929956466,95,case1,DOM02,17.91779038142876
2,27,99.953988687177,88.67978334275813,48,0.3,69,2024-08-06 13:10:00,2024-08-06 13:10:00,14.093398916713792,52.34976994343589,94,case1,DOM02,17.729182061624243
2,28,105.78958319634206,73.77312906677014,127,0.3,70,2024-08-06 13:10:00,2024-08-06 13:10:00,14.01886564533385,52.37894791598171,184,case1,DOM02,34.70393084403044
2,31,118.600386043802,32.003043438968355,240,0.3,71,2024-08-06 13:10:00,2024-08-06 13:10:00,13.810015217194842,52.44300193021901,292,case1,DOM02,55.073629382917865
2,33,131.0438376861703,40.69674046414485,53,0.3,73,2024-08-06 13:10:00,2024-08-06 13:10:00,13.853483702320725,52.50521918843086,79,case1,DOM02,14.900057264556546
2,37,130.6481324707935,172.96494471014205,6,0.3,74,2024-08-06 13:10:00,2024-08-06 13:10:00,14.51482472355071,52.50324066235397,18,case1,DOM02,3.3949497564812385
2,50,94.80448308253042,171.04155442884485,23,0.5,78,2024-08-06 13:10:00,2024-08-06 13:10:00,14.505207772144225,52.32402241541266,95,case1,DOM02,17.91779038142876
2,51,98.66717275813477,103.16445961844065,37,0.5,79,2024-08-06 13:10:00,2024-08-06 13:10:00,14.165822298092204,52.34333586379067,332,case1,DOM02,62.6179621750984
2,57,134.45249113758607,82.57585944128118,45,0.5,81,2024-08-06 13:10:00,2024-08-06 13:10:00,14.062879297206406,52.52226245568793,126,case1,DOM02,23.76464829536867
2,58,134.99285356256496,130.56051430998187,32,0.5,82,2024-08-06 13:10:00,2024-08-06 13:10:00,14.30280257154991,52.52496426781283,110,case1,DOM02,20.746915178496458
2,59,133.4932477455492,155.7370137532888,20,0.5,83,2024-08-06 13:10:00,2024-08-06 13:10:00,14.428685068766445,52.51746623872775,105,case1,DOM02,19.80387357947389
3,7,18.486626328594692,109.1310591430689,13,0.3,85,2024-08-06 13:15:00,2024-08-06 13:15:00,14.195655295715344,51.94243313164297,27,case1,DOM02,5.092424634721858
3,8,29.924739571156916,55.416288876964096,31,0.3,86,2024-08-06 13:15:00,2024-08-06 13:15:00,13.927081444384822,51.99962369785578,56,case1,DOM02,10.562065909052741
3,11,37.47946744487902,105.54034434185532,45,0.3,88,2024-08-06 13:15:00,2024-08-06 13:15:00,14.177701721709276,52.03739733722439,57,case1,DOM02,10.750674228857255
3,13,41.93822935784545,138.05579633200168,26,0.3,89,2024-08-06 13:15:00,2024-08-06 13:15:00,14.340278981660008,52.05969114678923,44,case1,DOM02,8.298766071398582
3,14,51.618536439293266,131.90846430663004,151,0.3,90,2024-08-06 13:15:00,2024-08-06 13:15:00,14.30954232153315,52.108092682196464,176,case1,DOM02,33.19506428559433
3,16,53.91242316048803,28.145382595053007,28,0.3,91,2024-08-06 13:15:00,2024-08-06 13:15:00,13.790726912975266,52.11956211580244,38,case1,DOM02,7.167116152571503
3,19,69.75701890067756,134.28793112019056,21,0.3,93,2024-08-06 13:15:00,2024-08-06 13:15:00,14.321439655600953,52.19878509450339,31,case1,DOM02,5.846857913939911
3,20,76.80189355818904,127.17511803578232,33,0.3,94,2024-08-06 13:15:00,2024-08-06 13:15:00,14.285875590178913,52.23400946779094,46,case1,DOM02,8.67598271100761
3,21,88.13238405375807,152.58545181407294,14,0.3,95,2024-08-06 13:15:00,2024-08-06 13:15:00,14.412927259070365,52.29066192026879,25,case1,DOM02,4.715207995112831
3,24,95.08889199926612,56.131694152523835,19,0.3,96,2024-08-06 13:15:00,2024-08-06 13:15:00,13.93065847076262,52.32544445999633,42,case1,DOM02,7.921549431789557
3,25,98.52019888018529,40.353229552795035,60,0.3,97,2024-08-06 13:15:00,2024-08-06 13:15:00,13.851766147763975,52.342600994400925,118,case1,DOM02,22.255781736932565
3,27,104.63021812226006,73.11747902517752,53,0.3,99,2024-08-06 13:15:00,2024-08-06 13:15:00,14.015587395125888,52.3731510906113,72,case1,DOM02,13.579799025924954
3,28,101.5778086009503,85.12548433588734,50,0.3,100,2024-08-06 13:15:00,2024-08-06 13:15:00,14.075627421679435,52.35788904300475,77,case1,DOM02,14.52284062494752
3,29,103.89699957889897,56.96507084815751,29,0.3,101,2024-08-06 13:15:00,2024-08-06 13:15:00,13.934825354240788,52.369484997894496,47,case1,DOM02,8.864591030812122
3,31,112.46916374572697,79.67217324651999,44,0.3,102,2024-08-06 13:15:00,2024-08-06 13:15:00,14.048360866232601,52.41234581872863,73,case1,DOM02,13.768407345729466
3,32,119.99391653492901,30.98399969042285,215,0.3,103,2024-08-06 13:15:00,2024-08-06 13:15:00,13.804919998452114,52.44996958267465,270,case1,DOM02,50.92424634721857
3,33,127.38450047464474,93.84783183136766,24,0.3,104,2024-08-06 13:15:00,2024-08-06 13:15:00,14.119239159156837,52.486922502373226,36,case1,DOM02,6.789899512962477
3,35,131.73566003210365,39.59210529082879,69,0.3,106,2024-08-06 13:15:00,2024-08-06 13:15:00,13.847960526454145,52.50867830016052,92,case1,DOM02,17.35196542201522
3,45,41.22493799758901,158.05379036879302,11,0.5,108,2024-08-06 13:15:00,2024-08-06 13:15:00,14.440268951843965,52.056124689987946,70,case1,DOM02,13.202582386315926
3,53,98.95734489236267,100.4815113343387,29,0.5,111,2024-08-06 13:15:00,2024-08-06 13:15:00,14.152407556671694,52.34478672446181,450,case1,DOM02,84.87374391203096
3,60,123.35781610163224,154.674793671551,42,0.5,113,2024-08-06 13:15:00,2024-08-06 13:15:00,14.423373968357755,52.466789080508164,102,case1,DOM02,19.23804862006035
3,62,134.30965646583095,155.9838831005607,39,0.5,114,2024-08-06 13:15:00,2024-08-06 13:15:00,14.429919415502804,52.52154828232916,111,case1,DOM02,20.93552349830097
3,63,134.8574522362846,82.46233855938588,47,0.5,115,2024-08-06 13:15:00,2024-08-06 13:15:00,14.06231169279693,52.52428726118142,140,case1,DOM02,26.405164772631853
4,4,21.017129667242898,108.63581678442425,19,0.3,118,2024-08-06 13:20:00,2024-08-06 13:20:00,14.193179083922121,51.955085648336215,37,case1,DOM02,6.97850783276699
4,6,30.18736492802771,54.109557526550766,20,0.3,120,2024-08-06 13:20:00,2024-08-06 13:20:00,13.920547787632755,52.00093682464014,39,case1,DOM02,7.355724472376017
4,8,33.15842213663675,26.831599044880335,11,0.3,122,2024-08-06 13:20:00,2024-08-06 13:20:00,13.784157995224401,52.015792110683186,16,case1,DOM02,3.017733116872212
4,9,38.595887100620665,105.248772628145,37,0.3,123,2024-08-06 13:20:00,2024-08-06 13:20:00,14.176243863140726,52.042979435503106,51,case1,DOM02,9.619024310030175
4,10,41.809548887133126,159.0920938540007,64,0.3,124,2024-08-06 13:20:00,2024-08-06 13:20:00,14.445460469270003,52.05904774443567,77,case1,DOM02,14.52284062494752
4,11,50.92312060920539,132.39263920470339,200,0.3,125,2024-08-06 13:20:00,2024-08-06 13:20:00,14.311963196023518,52.10461560304602,240,case1,DOM02,45.26599675308318
4,13,54.54457562972297,26.318019568169024,34,0.3,126,2024-08-06 13:20:00,2024-08-06 13:20:00,13.781590097840844,52.122722878148615,44,case1,DOM02,8.298766071398582
4,16,58.490874594214745,7.841547653159174,38,0.3,128,2024-08-06 13:20:00,2024-08-06 13:20:00,13.689207738265795,52.14245437297107,52,case1,DOM02,9.80763262983469
4,17,69.96694330573153,135.20272127412727,9,0.3,129,2024-08-06 13:20:00,2024-08-06 13:20:00,14.326013606370635,52.19983471652866,20,case1,DOM02,3.772166396090265
4,18,77.40147220979551,127.46726462895442,32,0.3,130,2024-08-06 13:20:00,2024-08-06 13:20:00,14.287336323144773,52.23700736104898,46,case1,DOM02,8.67598271100761
4,19,89.12180597445183,152.39338079767995,23,0.3,131,2024-08-06 13:20:00,2024-08-06 13:20:00,14.4119669039884,52.29560902987226,28,case1,DOM02,5.281032954526371
4,22,96.29469488070194,55.092308072989695,10,0.3,132,2024-08-06 13:20:00,2024-08-06 13:20:00,13.92546154036495,52.33147347440351,25,case1,DOM02,4.715207995112831
4,23,97.36190141864361,132.3376896357849,58,0.3,133,2024-08-06 13:20:00,2024-08-06 13:20:00,14.311688448178925,52.33680950709322,83,case1,DOM02,15.6544905437746
4,24,99.00790556149161,40.432597952511315,54,0.3,134,2024-08-06 13:20:00,2024-08-06 13:20:00,13.852162989762556,52.34503952780746,87,case1,DOM02,16.40892382299265
4,26,103.00514273051938,84.23037107302044,31,0.3,135,2024-08-06 13:20:00,2024-08-06 13:20:00,14.071151855365102,52.3650257136526,63,case1,DOM02,11.882324147684335
4,28,104.42499118356997,73.21919770913652,35,0.3,136,2024-08-06 13:20:00,2024-08-06 13:20:00,14.016095988545683,52.37212495591785,59,case1,DOM02,11.127890868466283
4,30,113.4425372450069,80.1391583317686,50,0.3,138,2024-08-06 13:20:00,2024-08-06 13:20:00,14.050695791658844,52.417212686225035,71,case1,DOM02,13.39119070612044
4,32,122.31966631798576,23.954796840074827,107,0.3,139,2024-08-06 13:20:00,2024-08-06 13:20:00,13.769773984200373,52.46159833158993,136,case1,DOM02,25.6507314934138
4,33,119.98804634464189,40.43925567464219,66,0.3,140,2024-08-06 13:20:00,2024-08-06 13:20:00,13.852196278373212,52.44994023172321,92,case1,DOM02,17.35196542201522
4,35,132.91629119693283,38.66568371143111,69,0.3,141,2024-08-06 13:20:00,2024-08-06 13:20:00,13.843328418557157,52.51458145598466,94,case1,DOM02,17.729182061624243
4,39,136.9294376785018,3.97916520965127,7,0.3,143,2024-08-06 13:20:00,2024-08-06 13:20:00,13.669895826048256,52.534647188392505,16,case1,DOM02,3.017733116872212
4,46,70.98014942169713,154.71620952885831,9,0.5,145,2024-08-06 13:20:00,2024-08-06 13:20:00,14.423581047644292,52.20490074710848,1,case1,DOM02,0.18860831980451326
4,50,100.14677203065862,98.64887248630659,33,0.5,147,2024-08-06 13:20:00,2024-08-06 13:20:00,14.143244362431533,52.35073386015329,390,case1,DOM02,73.55724472376018
4,52,104.83264937835824,55.926120254507836,14,0.5,148,2024-08-06 13:20:00,2024-08-06 13:20:00,13.929630601272539,52.37416324689179,74,case1,DOM02,13.95701566553398
4,53,122.99528987113301,155.19553605477202,69,0.5,149,2024-08-06 13:20:00,2024-08-06 13:20:00,14.42597768027386,52.46497644935567,185,case1,DOM02,34.892539163834954
4,55,127.12332455117408,93.06469104075785,5,0.5,150,2024-08-06 13:20:00,2024-08-06 13:20:00,14.11532345520379,52.48561662275587,48,case1,DOM02,9.053199350616635
4,56,134.93774399347188,84.93942675409386,26,0.5,151,2024-08-06 13:20:00,2024-08-06 13:20:00,14.074697133770469,52.52468871996736,140,case1,DOM02,26.405164772631853
5,5,22.8632920568431,107.02669273682031,17,0.3,155,2024-08-06 13:25:00,2024-08-06 13:25:00,14.185133463684101,51.964316460284216,30,case1,DOM02,5.658249594135397
5,10,34.459456676532064,23.602839693276835,5,0.3,158,2024-08-06 13:25:00,2024-08-06 13:25:00,13.768014198466384,52.02229728338266,12,case1,DOM02,2.263299837654159
5,11,39.57245462817577,105.01056612455453,28,0.3,159,2024-08-06 13:25:00,2024-08-06 13:25:00,14.175052830622773,52.04786227314088,38,case1,DOM02,7.167116152571503
5,12,42.486391969262655,158.27752148562575,62,0.3,160,2024-08-06 13:25:00,2024-08-06 13:25:00,14.441387607428128,52.062431959846315,70,case1,DOM02,13.202582386315926
5,13,48.64887375406122,128.14336950140716,129,0.3,161,2024-08-06 13:25:00,2024-08-06 13:25:00,14.290716847507037,52.09324436877031,155,case1,DOM02,29.234289569699552
5,16,56.04381083761756,137.35060412594373,77,0.3,162,2024-08-06 13:25:00,2024-08-06 13:25:00,14.33675302062972,52.13021905418809,101,case1,DOM02,19.04944030025584
5,17,55.63145762253602,24.534232661061807,40,0.3,163,2024-08-06 13:25:00,2024-08-06 13:25:00,13.77267116330531,52.12815728811268,55,case1,DOM02,10.373457589248229
5,20,59.93076794795022,6.572308207369909,31,0.3,164,2024-08-06 13:25:00,2024-08-06 13:25:00,13.68286154103685,52.14965383973975,49,case1,DOM02,9.24180767042115
5,21,77.5615924777738,127.52516124022969,13,0.3,165,2024-08-06 13:25:00,2024-08-06 13:25:00,14.287625806201149,52.23780796238887,51,case1,DOM02,9.619024310030175
5,23,90.00427736985009,151.67167681906238,30,0.3,166,2024-08-06 13:25:00,2024-08-06 13:25:00,14.408358384095312,52.300021386849245,39,case1,DOM02,7.355724472376017
5,24,91.0568491030702,115.88062097259677,31,0.3,167,2024-08-06 13:25:00,2024-08-06 13:25:00,14.229403104862984,52.30528424551535,50,case1,DOM02,9.430415990225661
5,27,99.9766937591708,40.20682073254286,43,0.3,168,2024-08-06 13:25:00,2024-08-06 13:25:00,13.851034103662714,52.34988346879585,67,case1,DOM02,12.636757426902387
5,28,98.41943502390858,128.23252114010432,52,0.3,169,2024-08-06 13:25:00,2024-08-06 13:25:00,14.291162605700523,52.34209717511954,83,case1,DOM02,15.6544905437746
5,30,103.15561891263152,84.67767626643443,25,0.3,170,2024-08-06 13:25:00,2024-08-06 13:25:00,14.073388381332173,52.36577809456316,46,case1,DOM02,8.67598271100761
5,32,102.63585541474025,72.31644729035494,11,0.3,171,2024-08-06 13:25:00,2024-08-06 13:25:00,14.011582236451774,52.363179277073705,24,case1,DOM02,4.526599675308318
5,33,105.78064024192183,121.13362625076256,56,0.3,172,2024-08-06 13:25:00,2024-08-06 13:25:00,14.255668131253813,52.37890320120961,77,case1,DOM02,14.52284062494752
5,36,114.31383817587762,79.99807784142234,48,0.3,174,2024-08-06 13:25:00,2024-08-06 13:25:00,14.049990389207112,52.42156919087939,81,case1,DOM02,15.277273904165574
5,38,120.86699261948245,41.424471707250575,46,0.3,175,2024-08-06 13:25:00,2024-08-06 13:25:00,13.857122358536254,52.45433496309741,69,case1,DOM02,13.013974066511413
5,39,123.5585878448628,24.441254777204968,105,0.3,176,2024-08-06 13:25:00,2024-08-06 13:25:00,13.772206273886026,52.46779293922432,140,case1,DOM02,26.405164772631853
5,42,133.1779747153891,38.2960708943265,56,0.3,178,2024-08-06 13:25:00,2024-08-06 13:25:00,13.841480354471633,52.515889873576945,82,case1,DOM02,15.465882223970086
5,49,70.20527610803728,152.27469359503652,7,0.5,180,2024-08-06 13:25:00,2024-08-06 13:25:00,14.411373467975183,52.201026380540185,40,case1,DOM02,7.54433279218053
5,50,71.25659546422797,156.1642160693301,6,0.5,181,2024-08-06 13:25:00,2024-08-06 13:25:00,14.43082108034665,52.20628297732114,38,case1,DOM02,7.167116152571503
5,56,101.52152434452945,96.36895490500096,31,0.5,184,2024-08-06 13:25:00,2024-08-06 13:25:00,14.131844774525005,52.35760762172264,278,case1,DOM02,52.43311290565468
5,58,105.19513265515647,54.644211881991936,10,0.5,185,2024-08-06 13:25:00,2024-08-06 13:25:00,13.92322105940996,52.37597566327578,121,case1,DOM02,22.821606696346105
5,59,123.10011809595042,154.8006155266657,67,0.5,186,2024-08-06 13:25:00,2024-08-06 13:25:00,14.42400307763333,52.465500590479756,204,case1,DOM02,38.4760972401207
6,4,25.070932771316585,106.49745586356671,19,0.3,190,2024-08-06 13:30:00,2024-08-06 13:30:00,14.182487279317833,51.975354663856585,31,case1,DOM02,5.846857913939911
6,10,41.292853184300846,104.86014855396641,14,0.3,192,2024-08-06 13:30:00,2024-08-06 13:30:00,14.174300742769832,52.056464265921505,22,case1,DOM02,4.149383035699291
6,11,43.55766451010066,158.52546747742238,36,0.3,193,2024-08-06 13:30:00,2024-08-06 13:30:00,14.442627337387112,52.067788322550506,60,case1,DOM02,11.316499188270795
6,12,52.17297640832109,131.26700798195455,214,0.3,194,2024-08-06 13:30:00,2024-08-06 13:30:00,14.306335039909772,52.110864882041604,162,case1,DOM02,30.554547808331147
6,13,49.120494701883565,159.97276762640422,8,0.3,195,2024-08-06 13:30:00,2024-08-06 13:30:00,14.449863838132021,52.095602473509416,29,case1,DOM02,5.469641274330884
6,14,56.678490815753456,23.139326206155168,41,0.3,196,2024-08-06 13:30:00,2024-08-06 13:30:00,13.765696631030776,52.133392454078766,66,case1,DOM02,12.448149107097873
6,16,60.77003462319164,7.372438750320329,21,0.3,197,2024-08-06 13:30:00,2024-08-06 13:30:00,13.686862193751601,52.153850173115956,42,case1,DOM02,7.921549431789557
6,17,67.12740026184943,52.97013599092697,10,0.3,198,2024-08-06 13:30:00,2024-08-06 13:30:00,13.914850679954636,52.185637001309246,22,case1,DOM02,4.149383035699291
6,19,77.89328135944066,127.23225310186112,14,0.3,200,2024-08-06 13:30:00,2024-08-06 13:30:00,14.286161265509305,52.239466406797206,23,case1,DOM02,4.337991355503805
6,20,89.90468907375191,116.34364737152046,14,0.3,201,2024-08-06 13:30:00,2024-08-06 13:30:00,14.231718236857603,52.299523445368756,66,case1,DOM02,12.448149107097873
6,21,91.19462020829324,151.1834775578284,37,0.3,202,2024-08-06 13:30:00,2024-08-06 13:30:00,14.405917387789142,52.30597310104147,47,case1,DOM02,8.864591030812122
6,26,98.74428455178345,126.80225572182172,26,0.3,203,2024-08-06 13:30:00,2024-08-06 13:30:00,14.284011278609109,52.34372142275892,43,case1,DOM02,8.11015775159407
6,28,105.86657303653901,55.35239988882592,140,0.3,204,2024-08-06 13:30:00,2024-08-06 13:30:00,13.92676199944413,52.3793328651827,176,case1,DOM02,33.19506428559433
6,29,101.81862257813373,36.672033429601555,18,0.3,205,2024-08-06 13:30:00,2024-08-06 13:30:00,13.833360167148008,52.35909311289067,51,case1,DOM02,9.619024310030175
6,30,106.37025347009639,121.69468099590925,58,0.3,206,2024-08-06 13:30:00,2024-08-06 13:30:00,14.258473404979547,52.381851267350484,72,case1,DOM02,13.579799025924954
6,31,103.8561350813389,134.14359543115714,21,0.3,207,2024-08-06 13:30:00,2024-08-06 13:30:00,14.320717977155786,52.36928067540669,36,case1,DOM02,6.789899512962477
6,32,105.1784523173067,84.11496854381394,11,0.3,208,2024-08-06 13:30:00,2024-08-06 13:30:00,14.07057484271907,52.375892261586536,24,case1,DOM02,4.526599675308318
6,34,115.52845326070876,79.91261217302282,47,0.3,210,2024-08-06 13:30:00,2024-08-06 13:30:00,14.049563060865115,52.42764226630354,78,case1,DOM02,14.711448944752034
6,36,124.1213631878567,25.534174903878245,105,0.3,211,2024-08-06 13:30:00,2024-08-06 13:30:00,13.77767087451939,52.470606815939284,137,case1,DOM02,25.839339813218313
6,37,121.79309377606037,42.21509692524581,24,0.3,212,2024-08-06 13:30:00,2024-08-06 13:30:00,13.861075484626229,52.4589654688803,38,case1,DOM02,7.167116152571503
6,43,134.57481356596261,37.27911077878474,33,0.3,216,2024-08-06 13:30:00,2024-08-06 13:30:00,13.836395553893924,52.52287406782981,54,case1,DOM02,10.184849269443715
6,47,72.56745081116256,152.67777807217965,12,0.5,218,2024-08-06 13:30:00,2024-08-06 13:30:00,14.413388890360899,52.21283725405581,69,case1,DOM02,13.013974066511413
6,53,102.86146706607704,94.95566457070056,30,0.5,220,2024-08-06 13:30:00,2024-08-06 13:30:00,14.124778322853503,52.36430733533039,284,case1,DOM02,53.56476282448176
6,54,123.83846561511726,152.0846552263144,39,0.5,221,2024-08-06 13:30:00,2024-08-06 13:30:00,14.410423276131572,52.469192328075586,240,case1,DOM02,45.26599675308318
7,3,3.2744477972689037,72.68374183495638,10,0.3,223,2024-08-06 13:35:00,2024-08-06 13:35:00,14.013418709174783,51.866372238986344,38,case1,DOM02,7.167116152571503
7,4,25.833491720768905,105.14752717828871,11,0.3,224,2024-08-06 13:35:00,2024-08-06 13:35:00,14.175737635891444,51.97916745860384,17,case1,DOM02,3.206341436676725
7,6,43.416607114608254,157.79384013327916,7,0.3,226,2024-08-06 13:35:00,2024-08-06 13:35:00,14.438969200666396,52.06708303557304,17,case1,DOM02,3.206341436676725
7,7,53.225132503664646,131.45637506004977,183,0.3,227,2024-08-06 13:35:00,2024-08-06 13:35:00,14.30728187530025,52.11612566251832,253,case1,DOM02,47.71790491054185
7,8,49.48244733026913,156.73845256242802,11,0.3,228,2024-08-06 13:35:00,2024-08-06 13:35:00,14.43369226281214,52.097412236651344,43,case1,DOM02,8.11015775159407
7,9,55.275701715083954,172.46997257936314,5,0.3,229,2024-08-06 13:35:00,2024-08-06 13:35:00,14.512349862896816,52.12637850857542,23,case1,DOM02,4.337991355503805
7,10,57.36510190138762,22.4944004167121,40,0.3,230,2024-08-06 13:35:00,2024-08-06 13:35:00,13.76247200208356,52.136825509506934,57,case1,DOM02,10.750674228857255
7,12,62.14165607831324,6.085330525923734,14,0.3,231,2024-08-06 13:35:00,2024-08-06 13:35:00,13.680426652629619,52.16070828039156,26,case1,DOM02,4.903816314917345
7,14,68.24832880520512,51.36865441103624,16,0.3,232,2024-08-06 13:35:00,2024-08-06 13:35:00,13.90684327205518,52.19124164402602,39,case1,DOM02,7.355724472376017
7,15,78.1130245746009,126.97851156928273,8,0.3,233,2024-08-06 13:35:00,2024-08-06 13:35:00,14.284892557846414,52.24056512287301,18,case1,DOM02,3.3949497564812385
7,17,92.12211702909357,151.3640007939325,40,0.3,234,2024-08-06 13:35:00,2024-08-06 13:35:00,14.406820003969662,52.31061058514547,44,case1,DOM02,8.298766071398582
7,18,94.1940168798879,104.91948311262101,24,0.3,235,2024-08-06 13:35:00,2024-08-06 13:35:00,14.174597415563106,52.32097008439944,67,case1,DOM02,12.636757426902387
7,19,94.75033611690326,114.9313895170035,9,0.3,236,2024-08-06 13:35:00,2024-08-06 13:35:00,14.224656947585018,52.32375168058452,58,case1,DOM02,10.939282548661769
7,22,101.89282513122582,130.58375599876388,69,0.3,237,2024-08-06 13:35:00,2024-08-06 13:35:00,14.302918779993819,52.35946412565613,89,case1,DOM02,16.78614046260168
7,24,102.87219729674335,36.36555276379986,15,0.3,238,2024-08-06 13:35:00,2024-08-06 13:35:00,13.831827763819,52.36436098648372,32,case1,DOM02,6.035466233744424
7,25,107.21058754745113,54.57503092591059,116,0.3,239,2024-08-06 13:35:00,2024-08-06 13:35:00,13.922875154629553,52.386052937737254,183,case1,DOM02,34.51532252422592
7,26,106.41832367449297,122.04924003947691,55,0.3,240,2024-08-06 13:35:00,2024-08-06 13:35:00,14.260246200197384,52.38209161837246,70,case1,DOM02,13.202582386315926
7,28,116.33294734180068,79.29280445804258,33,0.3,242,2024-08-06 13:35:00,2024-08-06 13:35:00,14.046464022290213,52.431664736709,56,case1,DOM02,10.562065909052741
7,30,124.94504721739155,25.818667796746226,105,0.3,243,2024-08-06 13:35:00,2024-08-06 13:35:00,13.779093338983731,52.47472523608696,136,case1,DOM02,25.6507314934138
7,31,122.28365603594264,42.49680526094691,14,0.3,244,2024-08-06 13:35:00,2024-08-06 13:35:00,13.862484026304735,52.461418280179714,21,case1,DOM02,3.9607747158947784
7,34,130.07870160426614,91.3229171554455,24,0.3,247,2024-08-06 13:35:00,2024-08-06 13:35:00,14.106614585777228,52.50039350802133,61,case1,DOM02,11.505107508075309
7,37,134.836271252525,36.00647611462987,20,0.3,248,2024-08-06 13:35:00,2024-08-06 13:35:00,13.830032380573149,52.52418135626262,30,case1,DOM02,5.658249594135397
7,47,72.38997453920777,150.3856886892997,6,0.5,253,2024-08-06 13:35:00,2024-08-06 13:35:00,14.401928443446499,52.21194987269604,64,case1,DOM02,12.070932467488849
7,53,103.87970759791924,92.7891944780164,29,0.5,255,2024-08-06 13:35:00,2024-08-06 13:35:00,14.113945972390082,52.369398537989596,250,case1,DOM02,47.152079951128314
7,56,123.08311801746189,152.04174495234201,15,0.5,256,2024-08-06 13:35:00,2024-08-06 13:35:00,14.410208724761711,52.46541559008731,96,case1,DOM02,18.10639870123327
7,57,123.4861878055709,156.7091816003615,11,0.5,257,2024-08-06 13:35:00,2024-08-06 13:35:00,14.433545908001808,52.46743093902786,153,case1,DOM02,28.857072930090528
8,5,49.76755059174611,123.38301007437711,97,0.3,259,2024-08-06 13:40:00,2024-08-06 13:40:00,14.266915050371885,52.09883775295873,131,case1,DOM02,24.707689894391233
8,6,50.1649025963239,159.4214624828487,37,0.3,260,2024-08-06 13:40:00,2024-08-06 13:40:00,14.447107312414243,52.10082451298162,81,case1,DOM02,15.277273904165574
8,7,52.898995591363196,141.64976160595177,32,0.3,261,2024-08-06 13:40:00,2024-08-06 13:40:00,14.358248808029758,52.11449497795682,52,case1,DOM02,9.80763262983469
8,9,58.80167051270339,20.46135320333697,22,0.3,262,2024-08-06 13:40:00,2024-08-06 13:40:00,13.752306766016686,52.14400835256352,51,case1,DOM02,9.619024310030175
8,10,61.21926377795549,137.57466263044205,40,0.3,263,2024-08-06 13:40:00,2024-08-06 13:40:00,14.33787331315221,52.15609631888978,55,case1,DOM02,10.373457589248229
8,18,76.37198720444407,19.20191893067121,9,0.3,265,2024-08-06 13:40:00,2024-08-06 13:40:00,13.746009594653355,52.23185993602222,16,case1,DOM02,3.017733116872212
8,20,78.01054575473515,174.04586985296436,5,0.3,266,2024-08-06 13:40:00,2024-08-06 13:40:00,14.520229349264822,52.24005272877368,24,case1,DOM02,4.526599675308318
8,22,93.74017136682659,114.41092111847789,28,0.3,267,2024-08-06 13:40:00,2024-08-06 13:40:00,14.22205460559239,52.318700856834134,70,case1,DOM02,13.202582386315926
8,23,93.87431957027023,151.17186225628365,26,0.3,268,2024-08-06 13:40:00,2024-08-06 13:40:00,14.405859311281418,52.31937159785135,45,case1,DOM02,8.487374391203096
8,31,103.62324218216042,35.157580755397696,14,0.3,269,2024-08-06 13:40:00,2024-08-06 13:40:00,13.825787903776988,52.3681162109108,27,case1,DOM02,5.092424634721858
8,32,107.86552857677148,54.09959826392643,101,0.3,270,2024-08-06 13:40:00,2024-08-06 13:40:00,13.920497991319632,52.389327642883856,159,case1,DOM02,29.988722848917607
8,35,117.09025548306722,78.72247311285795,9,0.3,272,2024-08-06 13:40:00,2024-08-06 13:40:00,14.04361236556429,52.43545127741534,46,case1,DOM02,8.67598271100761
8,38,124.9602167337682,170.98488657943616,20,0.3,273,2024-08-06 13:40:00,2024-08-06 13:40:00,14.504924432897182,52.474801083668844,41,case1,DOM02,7.732941111985043
8,39,125.57858401285134,25.400984620305415,94,0.3,274,2024-08-06 13:40:00,2024-08-06 13:40:00,13.777004923101527,52.47789292006426,138,case1,DOM02,26.027948133022825
8,40,122.8004847236633,43.356787078592625,9,0.3,275,2024-08-06 13:40:00,2024-08-06 13:40:00,13.866783935392963,52.46400242361832,13,case1,DOM02,2.4519081574586723
8,46,135.68286823077065,35.632021070404555,13,0.3,279,2024-08-06 13:40:00,2024-08-06 13:40:00,13.828160105352023,52.528414341153855,26,case1,DOM02,4.903816314917345
8,47,135.70595676771336,111.71828760698477,16,0.3,280,2024-08-06 13:40:00,2024-08-06 13:40:00,14.208591438034924,52.528529783838565,20,case1,DOM02,3.772166396090265
8,50,63.74951129462052,160.31786309785247,8,0.5,282,2024-08-06 13:40:00,2024-08-06 13:40:00,14.451589315489262,52.1687475564731,355,case1,DOM02,66.9559535306022
8,56,102.08827264771924,131.10182702079905,11,0.5,284,2024-08-06 13:40:00,2024-08-06 13:40:00,14.305509135103994,52.36044136323859,174,case1,DOM02,32.8178476459853
8,57,105.5944693812047,91.83190142687008,24,0.5,285,2024-08-06 13:40:00,2024-08-06 13:40:00,14.10915950713435,52.37797234690603,272,case1,DOM02,51.3014629868276
8,59,121.81125113413373,152.07433798240245,16,0.5,286,2024-08-06 13:40:00,2024-08-06 13:40:00,14.410371689912013,52.45905625567067,181,case1,DOM02,34.1381058846169
9,4,50.111393330404184,122.91571670585846,85,0.3,289,2024-08-06 13:45:00,2024-08-06 13:45:00,14.264578583529293,52.10055696665202,126,case1,DOM02,23.76464829536867
9,5,50.65995406442378,159.03914423766244,53,0.3,290,2024-08-06 13:45:00,2024-08-06 13:45:00,14.445195721188313,52.10329977032212,83,case1,DOM02,15.6544905437746
9,6,52.39892776776155,143.13478767171824,34,0.3,291,2024-08-06 13:45:00,2024-08-06 13:45:00,14.365673938358592,52.11199463883881,54,case1,DOM02,10.184849269443715
9,7,61.91640939827794,138.83266510974124,36,0.3,292,2024-08-06 13:45:00,2024-08-06 13:45:00,14.344163325548706,52.15958204699139,54,case1,DOM02,10.184849269443715
9,9,60.61998439219958,18.09588317223791,13,0.3,293,2024-08-06 13:45:00,2024-08-06 13:45:00,13.74047941586119,52.153099921961,29,case1,DOM02,5.469641274330884
9,10,70.52396804270688,159.43871784255174,184,0.3,294,2024-08-06 13:45:00,2024-08-06 13:45:00,14.447193589212759,52.202619840213536,238,case1,DOM02,44.888780113474155
9,13,76.94184544313663,17.59309830415438,20,0.3,296,2024-08-06 13:45:00,2024-08-06 13:45:00,13.737965491520772,52.23470922721568,31,case1,DOM02,5.846857913939911
9,15,78.43747487769231,125.80233146582412,6,0.3,297,2024-08-06 13:45:00,2024-08-06 13:45:00,14.27901165732912,52.242187374388465,9,case1,DOM02,1.6974748782406193
9,18,94.23955870099714,114.86217780855219,42,0.3,300,2024-08-06 13:45:00,2024-08-06 13:45:00,14.22431088904276,52.321197793504986,85,case1,DOM02,16.031707183383624
9,19,95.19724199192537,150.8302569575658,15,0.3,301,2024-08-06 13:45:00,2024-08-06 13:45:00,14.404151284787828,52.32598620995963,28,case1,DOM02,5.281032954526371
9,20,96.10673653545545,32.766391217848515,6,0.3,302,2024-08-06 13:45:00,2024-08-06 13:45:00,13.813831956089242,52.33053368267728,21,case1,DOM02,3.9607747158947784
9,25,108.21951805405048,50.50039094754654,104,0.3,303,2024-08-06 13:45:00,2024-08-06 13:45:00,13.902501954737733,52.391097590270256,143,case1,DOM02,26.970989732045393
9,28,108.37960444117348,63.2182078862497,27,0.3,304,2024-08-06 13:45:00,2024-08-06 13:45:00,13.966091039431248,52.39189802220587,57,case1,DOM02,10.750674228857255
9,29,110.34141801345606,126.08584729638656,8,0.3,305,2024-08-06 13:45:00,2024-08-06 13:45:00,14.280429236481933,52.401707090067276,14,case1,DOM02,2.6405164772631853
9,31,123.30361019898707,155.7669898569009,115,0.3,307,2024-08-06 13:45:00,2024-08-06 13:45:00,14.428834949284504,52.466518050994935,165,case1,DOM02,31.120372767744687
9,32,127.03258835647462,24.109370400029185,104,0.3,308,2024-08-06 13:45:00,2024-08-06 13:45:00,13.770546852000146,52.48516294178237,141,case1,DOM02,26.593773092436365
9,33,123.50691547376574,44.272509973614866,5,0.3,309,2024-08-06 13:45:00,2024-08-06 13:45:00,13.871362549868074,52.46753457736883,8,case1,DOM02,1.508866558436106
9,34,125.72499694606412,171.71178928974444,13,0.3,310,2024-08-06 13:45:00,2024-08-06 13:45:00,14.508558946448723,52.47862498473032,22,case1,DOM02,4.149383035699291
9,36,129.2825486880893,126.51488625198685,27,0.3,312,2024-08-06 13:45:00,2024-08-06 13:45:00,14.282574431259935,52.496412743440445,53,case1,DOM02,9.996240949639201
9,40,132.38963564765123,118.98897852264217,6,0.3,314,2024-08-06 13:45:00,2024-08-06 13:45:00,14.24494489261321,52.511948178238256,27,case1,DOM02,5.092424634721858
9,43,136.53336712364307,34.23982947240283,14,0.3,316,2024-08-06 13:45:00,2024-08-06 13:45:00,13.821199147362014,52.532666835618215,20,case1,DOM02,3.772166396090265
9,44,136.7721200838739,111.38829163168498,29,0.3,317,2024-08-06 13:45:00,2024-08-06 13:45:00,14.206941458158425,52.53386060041937,34,case1,DOM02,6.41268287335345
9,49,102.37240715222552,129.18180598675144,8,0.5,318,2024-08-06 13:45:00,2024-08-06 13:45:00,14.295909029933757,52.36186203576113,163,case1,DOM02,30.74315612813566
9,51,106.82731967502275,90.33345608433281,20,0.5,319,2024-08-06 13:45:00,2024-08-06 13:45:00,14.101667280421664,52.384136598375115,280,case1,DOM02,52.810329545263706
10,4,28.40610089250626,7.947110077972577,7,0.3,321,2024-08-06 13:50:00,2024-08-06 13:50:00,13.689735550389862,51.992030504462534,15,case1,DOM02,2.8291247970676987
10,5,50.785319508868135,119.96080927586327,60,0.3,322,2024-08-06 13:50:00,2024-08-06 13:50:00,14.249804046379316,52.10392659754434,116,case1,DOM02,21.878565097323538
10,6,51.35562790927969,159.48166874803093,50,0.3,323,2024-08-06 13:50:00,2024-08-06 13:50:00,14.447408343740154,52.1067781395464,70,case1,DOM02,13.202582386315926
10,8,52.30623746222154,143.9405961303588,18,0.3,324,2024-08-06 13:50:00,2024-08-06 13:50:00,14.369702980651793,52.11153118731111,39,case1,DOM02,7.355724472376017
10,9,62.45541625305307,140.06397639139047,33,0.3,325,2024-08-06 13:50:00,2024-08-06 13:50:00,14.350319881956953,52.162277081265266,49,case1,DOM02,9.24180767042115
10,10,62.80726895700176,14.920640151123571,17,0.3,326,2024-08-06 13:50:00,2024-08-06 13:50:00,13.724603200755618,52.16403634478501,27,case1,DOM02,5.092424634721858
10,11,65.78326284585104,160.0187577597893,50,0.3,327,2024-08-06 13:50:00,2024-08-06 13:50:00,14.450093788798945,52.178916314229255,70,case1,DOM02,13.202582386315926
10,13,75.05655082982955,162.10365669697336,74,0.3,329,2024-08-06 13:50:00,2024-08-06 13:50:00,14.460518283484868,52.22528275414915,92,case1,DOM02,17.35196542201522
10,14,74.40820846544314,149.2628885420705,19,0.3,330,2024-08-06 13:50:00,2024-08-06 13:50:00,14.396314442710352,52.22204104232721,32,case1,DOM02,6.035466233744424
10,15,77.02301261415944,17.261995953314603,17,0.3,331,2024-08-06 13:50:00,2024-08-06 13:50:00,13.736309979766572,52.23511506307079,41,case1,DOM02,7.732941111985043
10,19,94.18961203878753,115.32691635587466,35,0.3,332,2024-08-06 13:50:00,2024-08-06 13:50:00,14.226634581779374,52.32094806019394,90,case1,DOM02,16.97474878240619
10,20,96.38570722513975,150.59942326154913,7,0.3,333,2024-08-06 13:50:00,2024-08-06 13:50:00,14.402997116307745,52.331928536125695,20,case1,DOM02,3.772166396090265
10,23,103.716265182773,127.4912748137941,135,0.3,334,2024-08-06 13:50:00,2024-08-06 13:50:00,14.28745637406897,52.368581325913865,187,case1,DOM02,35.26975580344398
10,25,109.78632235400748,49.503568222276584,139,0.3,335,2024-08-06 13:50:00,2024-08-06 13:50:00,13.897517841111384,52.39893161177004,161,case1,DOM02,30.36593948852663
10,26,105.97800743814334,31.31718778250502,9,0.3,336,2024-08-06 13:50:00,2024-08-06 13:50:00,13.806585938912525,52.37989003719072,22,case1,DOM02,4.149383035699291
10,27,108.66783956549145,63.18062408126325,23,0.3,337,2024-08-06 13:50:00,2024-08-06 13:50:00,13.965903120406317,52.39333919782746,36,case1,DOM02,6.789899512962477
10,29,108.78361602945739,165.09622617023365,10,0.3,338,2024-08-06 13:50:00,2024-08-06 13:50:00,14.475481130851168,52.39391808014729,23,case1,DOM02,4.337991355503805
10,31,124.97236749076907,156.73470846463422,100,0.3,339,2024-08-06 13:50:00,2024-08-06 13:50:00,14.433673542323172,52.474861837453844,137,case1,DOM02,25.839339813218313
10,33,129.03564044611255,20.968410719594388,86,0.3,341,2024-08-06 13:50:00,2024-08-06 13:50:00,13.754842053597972,52.49517820223056,139,case1,DOM02,26.21655645282734
10,35,129.90098077050905,125.70255180806001,12,0.3,343,2024-08-06 13:50:00,2024-08-06 13:50:00,14.2785127590403,52.49950490385255,25,case1,DOM02,4.715207995112831
10,36,130.8997350019404,146.6077109461774,25,0.3,344,2024-08-06 13:50:00,2024-08-06 13:50:00,14.383038554730888,52.50449867500971,43,case1,DOM02,8.11015775159407
10,39,137.3153257101201,33.29769923796674,14,0.3,346,2024-08-06 13:50:00,2024-08-06 13:50:00,13.816488496189834,52.5365766285506,23,case1,DOM02,4.337991355503805
10,51,108.6310492054415,87.82082780027613,5,0.5,352,2024-08-06 13:50:00,2024-08-06 13:50:00,14.08910413900138,52.39315524602721,288,case1,DOM02,54.31919610369982
11,4,29.352641876716227,5.642640552852986,14,0.3,354,2024-08-06 13:55:00,2024-08-06 13:55:00,13.678213202764265,51.99676320938358,26,case1,DOM02,4.903816314917345
11,8,47.30493630655628,122.83222772712615,14,0.3,355,2024-08-06 13:55:00,2024-08-06 13:55:00,14.26416113863563,52.08652468153279,34,case1,DOM02,6.41268287335345
11,9,51.7737584692252,159.45260609194386,35,0.3,356,2024-08-06 13:55:00,2024-08-06 13:55:00,14.44726303045972,52.10886879234612,57,case1,DOM02,10.750674228857255
11,10,54.34696761948089,116.31411633680791,34,0.3,357,2024-08-06 13:55:00,2024-08-06 13:55:00,14.23157058168404,52.1217348380974,56,case1,DOM02,10.562065909052741
11,14,62.88633263076319,140.63420502735556,34,0.3,358,2024-08-06 13:55:00,2024-08-06 13:55:00,14.353171025136778,52.16443166315381,67,case1,DOM02,12.636757426902387
11,15,64.44172126364843,12.75216475215918,17,0.3,359,2024-08-06 13:55:00,2024-08-06 13:55:00,13.713760823760795,52.17220860631824,25,case1,DOM02,4.715207995112831
11,16,66.3048857874013,160.10187571197238,32,0.3,360,2024-08-06 13:55:00,2024-08-06 13:55:00,14.450509378559861,52.18152442893701,55,case1,DOM02,10.373457589248229
11,18,75.41924994022469,162.61429435052918,60,0.3,362,2024-08-06 13:55:00,2024-08-06 13:55:00,14.463071471752647,52.22709624970112,74,case1,DOM02,13.95701566553398
11,20,74.9014036053392,149.27558749120334,14,0.3,363,2024-08-06 13:55:00,2024-08-06 13:55:00,14.396377937456016,52.2245070180267,24,case1,DOM02,4.526599675308318
11,21,77.06161710584188,17.840733164274283,11,0.3,364,2024-08-06 13:55:00,2024-08-06 13:55:00,13.739203665821371,52.23530808552921,42,case1,DOM02,7.921549431789557
11,23,94.82497886239936,114.76373073563029,30,0.3,366,2024-08-06 13:55:00,2024-08-06 13:55:00,14.223818653678151,52.324124894312,64,case1,DOM02,12.070932467488849
11,26,105.73529750260069,111.11959579926008,286,0.3,367,2024-08-06 13:55:00,2024-08-06 13:55:00,14.2055979789963,52.378676487513005,439,case1,DOM02,82.79905239418132
11,28,106.64807218745224,29.539946288964867,14,0.3,368,2024-08-06 13:55:00,2024-08-06 13:55:00,13.797699731444824,52.38324036093726,22,case1,DOM02,4.149383035699291
11,30,109.13937166544748,62.99754020872336,17,0.3,369,2024-08-06 13:55:00,2024-08-06 13:55:00,13.964987701043617,52.39569685832724,31,case1,DOM02,5.846857913939911
11,37,132.00439422345656,18.267580868760888,32,0.3,372,2024-08-06 13:55:00,2024-08-06 13:55:00,13.741337904343805,52.51002197111728,65,case1,DOM02,12.259540787293362
11,41,131.6055645492764,146.44383838346252,40,0.3,373,2024-08-06 13:55:00,2024-08-06 13:55:00,14.382219191917313,52.508027822746385,50,case1,DOM02,9.430415990225661
11,42,131.716101170572,6.913619361683611,12,0.3,374,2024-08-06 13:55:00,2024-08-06 13:55:00,13.684568096808418,52.50858050585286,41,case1,DOM02,7.732941111985043
11,53,114.26444472918834,47.235543708356204,10,0.5,379,2024-08-06 13:55:00,2024-08-06 13:55:00,13.88617771854178,52.421322223645944,176,case1,DOM02,33.19506428559433
11,54,128.60175052865603,159.40731274650952,11,0.5,380,2024-08-06 13:55:00,2024-08-06 13:55:00,14.447036563732548,52.49300875264328,123,case1,DOM02,23.19882333595513
12,4,30.91428062298491,4.718163087106688,19,0.3,382,2024-08-06 14:00:00,2024-08-06 14:00:00,13.673590815435533,52.00457140311493,39,case1,DOM02,7.355724472376017
12,6,52.45639635938369,160.30492489350442,12,0.3,383,2024-08-06 14:00:00,2024-08-06 14:00:00,14.451524624467522,52.11228198179692,39,case1,DOM02,7.355724472376017
12,7,55.06165483065903,115.51740934952286,33,0.3,384,2024-08-06 14:00:00,2024-08-06 14:00:00,14.227587046747614,52.1253082741533,51,case1,DOM02,9.619024310030175
12,9,63.151702063632555,142.5406742092346,43,0.3,385,2024-08-06 14:00:00,2024-08-06 14:00:00,14.362703371046173,52.16575851031816,69,case1,DOM02,13.013974066511413
12,10,66.45791020262129,11.036630434195352,8,0.3,386,2024-08-06 14:00:00,2024-08-06 14:00:00,13.705183152170976,52.182289551013106,16,case1,DOM02,3.017733116872212
12,11,66.73703014824068,160.23543967904948,22,0.3,387,2024-08-06 14:00:00,2024-08-06 14:00:00,14.451177198395246,52.183685150741205,44,case1,DOM02,8.298766071398582
12,13,75.56759163153696,162.89874190436842,41,0.3,389,2024-08-06 14:00:00,2024-08-06 14:00:00,14.464493709521841,52.227837958157686,63,case1,DOM02,11.882324147684335
12,15,79.31960777484186,15.40427043373228,6,0.3,390,2024-08-06 14:00:00,2024-08-06 14:00:00,13.727021352168661,52.24659803887421,21,case1,DOM02,3.9607747158947784
12,19,96.42336233131475,113.53179172686566,8,0.3,392,2024-08-06 14:00:00,2024-08-06 14:00:00,14.21765895863433,52.332116811656576,66,case1,DOM02,12.448149107097873
12,20,96.83351025887296,153.50106237922066,6,0.3,393,2024-08-06 14:00:00,2024-08-06 14:00:00,14.417505311896104,52.334167551294364,20,case1,DOM02,3.772166396090265
12,23,104.41521242151042,128.48332990479383,102,0.3,394,2024-08-06 14:00:00,2024-08-06 14:00:00,14.29241664952397,52.37207606210755,145,case1,DOM02,27.34820637165442
12,25,108.7733418897898,92.50793201241652,154,0.3,395,2024-08-06 14:00:00,2024-08-06 14:00:00,14.112539660062083,52.39386670944895,229,case1,DOM02,43.19130523523353
12,26,103.71020582814988,91.40532360694604,7,0.3,396,2024-08-06 14:00:00,2024-08-06 14:00:00,14.10702661803473,52.36855102914075,29,case1,DOM02,5.469641274330884
12,27,107.74070790611877,27.345005452774547,9,0.3,397,2024-08-06 14:00:00,2024-08-06 14:00:00,13.786725027263873,52.388703539530596,13,case1,DOM02,2.4519081574586723
12,30,109.95776245261237,62.343924043221,18,0.3,398,2024-08-06 14:00:00,2024-08-06 14:00:00,13.961719620216105,52.39978881226306,26,case1,DOM02,4.903816314917345
12,37,132.39770694882753,9.751630886429613,7,0.3,400,2024-08-06 14:00:00,2024-08-06 14:00:00,13.698758154432147,52.511988534744134,41,case1,DOM02,7.732941111985043
12,38,133.52316523656992,16.903582225888886,26,0.3,401,2024-08-06 14:00:00,2024-08-06 14:00:00,13.734517911129444,52.517615826182855,42,case1,DOM02,7.921549431789557
12,48,109.44857584537915,48.87530868218443,10,0.5,404,2024-08-06 14:00:00,2024-08-06 14:00:00,13.894376543410921,52.397242879226894,92,case1,DOM02,17.35196542201522
12,50,115.21433899567288,45.632402386882134,13,0.5,405,2024-08-06 14:00:00,2024-08-06 14:00:00,13.87816201193441,52.42607169497836,59,case1,DOM02,11.127890868466283
12,51,129.51594259692538,158.8736616295335,15,0.5,406,2024-08-06 14:00:00,2024-08-06 14:00:00,14.444368308147668,52.497579712984624,59,case1,DOM02,11.127890868466283
12,52,131.9797099627863,146.5401211656569,12,0.5,407,2024-08-06 14:00:00,2024-08-06 14:00:00,14.382700605828285,52.50989854981393,54,case1,DOM02,10.184849269443715
13,7,55.47301864048532,115.59296317768732,38,0.3,409,2024-08-06 14:05:00,2024-08-06 14:05:00,14.227964815888436,52.12736509320243,66,case1,DOM02,12.448149107097873
13,11,62.73857284142332,143.50180439395746,42,0.3,410,2024-08-06 14:05:00,2024-08-06 14:05:00,14.367509021969788,52.163692864207114,70,case1,DOM02,13.202582386315926
13,12,65.59830780471373,163.02787752492466,9,0.3,411,2024-08-06 14:05:00,2024-08-06 14:05:00,14.465139387624623,52.177991539023566,44,case1,DOM02,8.298766071398582
13,17,76.33338340956098,162.98848431563871,15,0.3,413,2024-08-06 14:05:00,2024-08-06 14:05:00,14.464942421578193,52.231666917047804,33,case1,DOM02,6.224074553548936
13,19,97.14075822092381,112.92037512282222,6,0.3,415,2024-08-06 14:05:00,2024-08-06 14:05:00,14.214601875614111,52.33570379110462,39,case1,DOM02,7.355724472376017
13,20,96.09595122548738,154.26720950802522,5,0.3,416,2024-08-06 14:05:00,2024-08-06 14:05:00,14.421336047540127,52.33047975612744,19,case1,DOM02,3.5835580762857515
13,21,98.53912195704295,108.75206345732316,5,0.3,417,2024-08-06 14:05:00,2024-08-06 14:05:00,14.193760317286616,52.34269560978522,14,case1,DOM02,2.6405164772631853
13,23,109.67123498899507,90.83504204233796,161,0.3,418,2024-08-06 14:05:00,2024-08-06 14:05:00,14.10417521021169,52.39835617494497,254,case1,DOM02,47.90651323034637
13,24,104.62328838221518,128.5097593646877,67,0.3,419,2024-08-06 14:05:00,2024-08-06 14:05:00,14.29254879682344,52.37311644191107,123,case1,DOM02,23.19882333595513
13,29,128.59451575328248,172.65587731392935,23,0.3,420,2024-08-06 14:05:00,2024-08-06 14:05:00,14.513279386569646,52.49297257876641,41,case1,DOM02,7.732941111985043
13,31,130.24373585514553,40.22792984681685,7,0.3,421,2024-08-06 14:05:00,2024-08-06 14:05:00,13.851139649234083,52.50121867927573,21,case1,DOM02,3.9607747158947784
13,33,134.26985165545753,4.361663849885923,21,0.3,422,2024-08-06 14:05:00,2024-08-06 14:05:00,13.671808319249429,52.52134925827729,35,case1,DOM02,6.601291193157963
13,34,132.99291436887984,10.904590360978068,5,0.3,423,2024-08-06 14:05:00,2024-08-06 14:05:00,13.70452295180489,52.5149645718444,11,case1,DOM02,2.0746915178496455
13,44,111.46925910306163,46.90126365314153,8,0.5,426,2024-08-06 14:05:00,2024-08-06 14:05:00,13.884506318265707,52.40734629551531,116,case1,DOM02,21.878565097323538
13,45,116.54190990428062,44.2057370095476,9,0.5,427,2024-08-06 14:05:00,2024-08-06 14:05:00,13.871028685047737,52.432709549521405,54,case1,DOM02,10.184849269443715
13,46,130.78822995701688,157.8208100985137,9,0.5,428,2024-08-06 14:05:00,2024-08-06 14:05:00,14.439104050492569,52.503941149785085,72,case1,DOM02,13.579799025924954
13,47,132.9142063243928,145.9228324236476,12,0.5,429,2024-08-06 14:05:00,2024-08-06 14:05:00,14.379614162118239,52.51457103162196,63,case1,DOM02,11.882324147684335
14,7,56.39030294571277,116.56194931320978,68,0.3,431,2024-08-06 14:10:00,2024-08-06 14:10:00,14.23280974656605,52.13195151472856,94,case1,DOM02,17.729182061624243
14,8,60.47345001272375,167.96522051892995,6,0.3,432,2024-08-06 14:10:00,2024-08-06 14:10:00,14.48982610259465,52.15236725006362,18,case1,DOM02,3.3949497564812385
14,9,61.75860951249042,145.77079423425369,30,0.3,433,2024-08-06 14:10:00,2024-08-06 14:10:00,14.378853971171269,52.15879304756245,41,case1,DOM02,7.732941111985043
14,10,65.08657999461184,137.78233759148955,12,0.3,434,2024-08-06 14:10:00,2024-08-06 14:10:00,14.338911687957447,52.17543289997305,25,case1,DOM02,4.715207995112831
14,11,65.22269190700855,163.07927490513686,7,0.3,435,2024-08-06 14:10:00,2024-08-06 14:10:00,14.465396374525683,52.17611345953504,19,case1,DOM02,3.5835580762857515
14,12,67.94781618851475,124.1356329149003,10,0.3,436,2024-08-06 14:10:00,2024-08-06 14:10:00,14.270678164574502,52.18973908094257,18,case1,DOM02,3.3949497564812385
14,15,75.9914042035178,143.77045753899662,9,0.3,438,2024-08-06 14:10:00,2024-08-06 14:10:00,14.368852287694983,52.22995702101758,20,case1,DOM02,3.772166396090265
14,20,96.5993125314882,90.6616627770202,5,0.3,440,2024-08-06 14:10:00,2024-08-06 14:10:00,14.103308313885101,52.33299656265744,11,case1,DOM02,2.0746915178496455
14,21,98.40282095378171,111.2124125939909,9,0.3,441,2024-08-06 14:10:00,2024-08-06 14:10:00,14.206062062969954,52.34201410476891,36,case1,DOM02,6.789899512962477
14,23,104.73370446589405,13.374557790366186,7,0.3,442,2024-08-06 14:10:00,2024-08-06 14:10:00,13.71687278895183,52.37366852232947,12,case1,DOM02,2.263299837654159
14,24,110.37866186306786,89.4581948943322,144,0.3,443,2024-08-06 14:10:00,2024-08-06 14:10:00,14.097290974471662,52.40189330931534,211,case1,DOM02,39.79635547875229
14,25,103.05394809849098,133.97663179651374,6,0.3,444,2024-08-06 14:10:00,2024-08-06 14:10:00,14.319883158982568,52.36526974049246,22,case1,DOM02,4.149383035699291
14,26,106.66002222315925,126.17629546955199,18,0.3,445,2024-08-06 14:10:00,2024-08-06 14:10:00,14.280881477347759,52.383300111115794,43,case1,DOM02,8.11015775159407
14,27,114.34929445229716,44.84645293459625,136,0.3,446,2024-08-06 14:10:00,2024-08-06 14:10:00,13.874232264672981,52.42174647226149,173,case1,DOM02,32.62923932618079
14,29,129.1935386876268,173.71726921356327,19,0.3,448,2024-08-06 14:10:00,2024-08-06 14:10:00,14.518586346067817,52.49596769343813,35,case1,DOM02,6.601291193157963
14,30,130.33319833394071,131.42367574602176,16,0.3,449,2024-08-06 14:10:00,2024-08-06 14:10:00,14.30711837873011,52.501665991669704,25,case1,DOM02,4.715207995112831
14,34,134.72609753202576,82.69286824005843,15,0.3,451,2024-08-06 14:10:00,2024-08-06 14:10:00,14.063464341200293,52.52363048766013,23,case1,DOM02,4.337991355503805
14,43,133.527716795179,145.19480369769462,15,0.5,454,2024-08-06 14:10:00,2024-08-06 14:10:00,14.375974018488474,52.517638583975895,73,case1,DOM02,13.768407345729466
15,5,45.558140875743156,165.57514108520104,8,0.3,456,2024-08-06 14:15:00,2024-08-06 14:15:00,14.477875705426005,52.077790704378714,20,case1,DOM02,3.772166396090265
15,6,56.36346113941488,116.93911017273028,69,0.3,457,2024-08-06 14:15:00,2024-08-06 14:15:00,14.23469555086365,52.131817305697076,110,case1,DOM02,20.746915178496458
15,7,61.4495586932047,146.38375657862926,38,0.3,458,2024-08-06 14:15:00,2024-08-06 14:15:00,14.381918782893147,52.15724779346602,51,case1,DOM02,9.619024310030175
15,8,60.826464596769505,167.4022394339551,5,0.3,459,2024-08-06 14:15:00,2024-08-06 14:15:00,14.487011197169775,52.15413232298385,20,case1,DOM02,3.772166396090265
15,10,65.63683147031836,138.22985769292404,21,0.3,460,2024-08-06 14:15:00,2024-08-06 14:15:00,14.34114928846462,52.17818415735159,28,case1,DOM02,5.281032954526371
15,12,68.43117034590651,123.97085138096752,16,0.3,461,2024-08-06 14:15:00,2024-08-06 14:15:00,14.269854256904837,52.19215585172953,25,case1,DOM02,4.715207995112831
15,13,71.58361802630021,5.61826123480952,6,0.3,462,2024-08-06 14:15:00,2024-08-06 14:15:00,13.678091306174048,52.2079180901315,12,case1,DOM02,2.263299837654159
15,17,75.66923151138924,142.46539232558658,9,0.3,464,2024-08-06 14:15:00,2024-08-06 14:15:00,14.362326961627932,52.22834615755694,21,case1,DOM02,3.9607747158947784
15,24,99.58801080672934,110.75128925328596,12,0.3,466,2024-08-06 14:15:00,2024-08-06 14:15:00,14.20375644626643,52.34794005403365,54,case1,DOM02,10.184849269443715
15,25,104.15103030332007,81.04654512581706,14,0.3,467,2024-08-06 14:15:00,2024-08-06 14:15:00,14.055232725629086,52.3707551515166,31,case1,DOM02,5.846857913939911
15,27,112.28682036391038,84.10679296047537,66,0.3,468,2024-08-06 14:15:00,2024-08-06 14:15:00,14.070533964802378,52.41143410181955,104,case1,DOM02,19.61526525966938
15,30,116.21925415690136,42.07997898641946,99,0.3,469,2024-08-06 14:15:00,2024-08-06 14:15:00,13.860399894932097,52.43109627078451,162,case1,DOM02,30.554547808331147
15,31,112.26812542315484,101.77102732241212,27,0.3,470,2024-08-06 14:15:00,2024-08-06 14:15:00,14.158855136612061,52.41134062711577,52,case1,DOM02,9.80763262983469
15,35,131.2287894753167,131.14657526036572,24,0.3,471,2024-08-06 14:15:00,2024-08-06 14:15:00,14.305732876301828,52.506143947376586,31,case1,DOM02,5.846857913939911
15,39,135.42091309484815,82.6770639945281,19,0.3,473,2024-08-06 14:15:00,2024-08-06 14:15:00,14.06338531997264,52.52710456547424,26,case1,DOM02,4.903816314917345
15,48,133.83577433944205,144.56765026502237,8,0.5,478,2024-08-06 14:15:00,2024-08-06 14:15:00,14.372838251325112,52.519178871697214,85,case1,DOM02,16.031707183383624
16,6,56.71135753216536,116.19396037993707,55,0.3,479,2024-08-06 14:20:00,2024-08-06 14:20:00,14.230969801899686,52.13355678766083,74,case1,DOM02,13.95701566553398
16,7,59.34362632100372,42.66871224234487,12,0.3,480,2024-08-06 14:20:00,2024-08-06 14:20:00,13.863343561211725,52.14671813160502,17,case1,DOM02,3.206341436676725
16,8,61.621793836557785,146.37063599699326,39,0.3,481,2024-08-06 14:20:00,2024-08-06 14:20:00,14.381853179984967,52.158108969182784,53,case1,DOM02,9.996240949639201
16,9,61.91731338872876,167.80087288767717,8,0.3,482,2024-08-06 14:20:00,2024-08-06 14:20:00,14.489004364438387,52.15958656694364,28,case1,DOM02,5.281032954526371
16,10,62.37014338393173,112.71230423575584,18,0.3,483,2024-08-06 14:20:00,2024-08-06 14:20:00,14.213561521178779,52.16185071691966,34,case1,DOM02,6.41268287335345
16,11,65.99234919967644,138.10371414835765,24,0.3,484,2024-08-06 14:20:00,2024-08-06 14:20:00,14.340518570741787,52.17996174599838,31,case1,DOM02,5.846857913939911
16,12,68.46172946102703,123.0967882473769,17,0.3,485,2024-08-06 14:20:00,2024-08-06 14:20:00,14.265483941236885,52.19230864730513,25,case1,DOM02,4.715207995112831
16,14,76.42229322082532,173.2077127680618,26,0.3,487,2024-08-06 14:20:00,2024-08-06 14:20:00,14.51603856384031,52.23211146610412,34,case1,DOM02,6.41268287335345
16,15,76.52152731318944,141.55726156228542,8,0.3,488,2024-08-06 14:20:00,2024-08-06 14:20:00,14.357786307811427,52.232607636565945,22,case1,DOM02,4.149383035699291
16,17,80.95584983255131,121.53941110363975,7,0.3,489,2024-08-06 14:20:00,2024-08-06 14:20:00,14.257697055518198,52.25477924916276,22,case1,DOM02,4.149383035699291
16,18,88.02290590633876,137.61057987007462,7,0.3,490,2024-08-06 14:20:00,2024-08-06 14:20:00,14.338052899350373,52.29011452953169,15,case1,DOM02,2.8291247970676987
16,21,103.14207826215468,106.41881197880409,13,0.3,492,2024-08-06 14:20:00,2024-08-06 14:20:00,14.18209405989402,52.36571039131078,51,case1,DOM02,9.619024310030175
16,22,105.28612239725186,82.31134441199477,8,0.3,493,2024-08-06 14:20:00,2024-08-06 14:20:00,14.061556722059974,52.37643061198626,23,case1,DOM02,4.337991355503805
16,25,110.09925193092366,89.40226526201559,9,0.3,494,2024-08-06 14:20:00,2024-08-06 14:20:00,14.097011326310078,52.400496259654616,20,case1,DOM02,3.772166396090265
16,26,111.29277341590786,117.73957337956806,8,0.3,495,2024-08-06 14:20:00,2024-08-06 14:20:00,14.23869786689784,52.40646386707954,51,case1,DOM02,9.619024310030175
16,27,110.08854867456817,75.47805929635307,5,0.3,496,2024-08-06 14:20:00,2024-08-06 14:20:00,14.027390296481766,52.40044274337284,16,case1,DOM02,3.017733116872212
16,28,116.89250204740755,40.50243975005862,78,0.3,497,2024-08-06 14:20:00,2024-08-06 14:20:00,13.852512198750293,52.43446251023704,112,case1,DOM02,21.124131818105482
16,30,113.28724420591969,81.3821378192785,8,0.3,498,2024-08-06 14:20:00,2024-08-06 14:20:00,14.056910689096393,52.4164362210296,33,case1,DOM02,6.224074553548936
16,31,114.63354998086236,100.62369792752838,10,0.3,499,2024-08-06 14:20:00,2024-08-06 14:20:00,14.153118489637642,52.42316774990431,25,case1,DOM02,4.715207995112831
16,33,115.3703247106354,54.641172325878294,8,0.3,500,2024-08-06 14:20:00,2024-08-06 14:20:00,13.923205861629391,52.426851623553176,27,case1,DOM02,5.092424634721858
16,34,115.73947899877197,85.780230639343,5,0.3,501,2024-08-06 14:20:00,2024-08-06 14:20:00,14.078901153196714,52.42869739499386,31,case1,DOM02,5.846857913939911
16,35,124.1574085648281,169.97331928812696,6,0.3,502,2024-08-06 14:20:00,2024-08-06 14:20:00,14.499866596440635,52.47078704282414,13,case1,DOM02,2.4519081574586723
16,36,131.2812101414713,170.1133102462991,6,0.3,503,2024-08-06 14:20:00,2024-08-06 14:20:00,14.500566551231495,52.506406050707355,24,case1,DOM02,4.526599675308318
16,37,132.1604236493575,130.11958252659713,18,0.3,504,2024-08-06 14:20:00,2024-08-06 14:20:00,14.300597912632986,52.51080211824679,32,case1,DOM02,6.035466233744424
16,38,134.9564072355481,147.76441072997844,84,0.3,505,2024-08-06 14:20:00,2024-08-06 14:20:00,14.388822053649893,52.52478203617774,111,case1,DOM02,20.93552349830097
16,40,135.88179852682362,82.48426188606705,18,0.3,507,2024-08-06 14:20:00,2024-08-06 14:20:00,14.062421309430336,52.52940899263412,26,case1,DOM02,4.903816314917345
16,41,136.79565271421131,7.919030704920243,10,0.3,508,2024-08-06 14:20:00,2024-08-06 14:20:00,13.689595153524602,52.53397826357105,22,case1,DOM02,4.149383035699291
17,4,16.172339207631993,153.03694923980765,7,0.3,511,2024-08-06 14:25:00,2024-08-06 14:25:00,14.415184746199039,51.93086169603816,16,case1,DOM02,3.017733116872212
17,6,53.47062321483052,159.44995649510983,5,0.3,512,2024-08-06 14:25:00,2024-08-06 14:25:00,14.447249782475549,52.11735311607415,15,case1,DOM02,2.8291247970676987
17,7,57.538621814061194,114.8915329537481,53,0.3,513,2024-08-06 14:25:00,2024-08-06 14:25:00,14.22445766476874,52.137693109070305,76,case1,DOM02,14.334232305143006
17,8,60.226864144717325,41.77284755139711,20,0.3,514,2024-08-06 14:25:00,2024-08-06 14:25:00,13.858864237756984,52.151134320723585,26,case1,DOM02,4.903816314917345
17,9,61.70952010035352,145.75288347632028,33,0.3,515,2024-08-06 14:25:00,2024-08-06 14:25:00,14.378764417381602,52.15854760050176,52,case1,DOM02,9.80763262983469
17,10,63.40149547201373,112.32586912580979,19,0.3,516,2024-08-06 14:25:00,2024-08-06 14:25:00,14.21162934562905,52.167007477360066,36,case1,DOM02,6.789899512962477
17,12,66.14344891917624,138.2391374365904,17,0.3,517,2024-08-06 14:25:00,2024-08-06 14:25:00,14.341195687182951,52.18071724459588,29,case1,DOM02,5.469641274330884
17,13,68.99938232947682,122.37418856697415,11,0.3,518,2024-08-06 14:25:00,2024-08-06 14:25:00,14.261870942834872,52.19499691164739,25,case1,DOM02,4.715207995112831
17,20,87.20518840716862,145.69381914053687,9,0.3,520,2024-08-06 14:25:00,2024-08-06 14:25:00,14.378469095702686,52.28602594203584,23,case1,DOM02,4.337991355503805
17,21,89.37062725763714,137.11897108726697,6,0.3,521,2024-08-06 14:25:00,2024-08-06 14:25:00,14.335594855436335,52.296853136288185,12,case1,DOM02,2.263299837654159
17,23,93.72531442676548,158.17339481523678,13,0.3,523,2024-08-06 14:25:00,2024-08-06 14:25:00,14.440866974076183,52.31862657213383,19,case1,DOM02,3.5835580762857515
17,26,104.50200136742643,105.73525643320582,8,0.3,525,2024-08-06 14:25:00,2024-08-06 14:25:00,14.178676282166029,52.37251000683713,34,case1,DOM02,6.41268287335345
17,27,107.00672804130014,137.47207557334642,15,0.3,526,2024-08-06 14:25:00,2024-08-06 14:25:00,14.337360377866732,52.3850336402065,26,case1,DOM02,4.903816314917345
17,28,110.61350961661081,75.55586858512197,18,0.3,527,2024-08-06 14:25:00,2024-08-06 14:25:00,14.02777934292561,52.40306754808305,34,case1,DOM02,6.41268287335345
17,29,112.96226654436174,117.17454243042063,26,0.3,528,2024-08-06 14:25:00,2024-08-06 14:25:00,14.235872712152103,52.41481133272181,68,case1,DOM02,12.8253657467069
17,31,118.55968111650238,38.248279915619854,59,0.3,529,2024-08-06 14:25:00,2024-08-06 14:25:00,13.841241399578099,52.44279840558251,91,case1,DOM02,17.163357102210703
17,32,116.79861772021802,52.94617981397926,20,0.3,530,2024-08-06 14:25:00,2024-08-06 14:25:00,13.914730899069896,52.43399308860109,35,case1,DOM02,6.601291193157963
17,35,125.14321144993217,140.71599073073847,8,0.3,531,2024-08-06 14:25:00,2024-08-06 14:25:00,14.353579953653693,52.47571605724966,14,case1,DOM02,2.6405164772631853
17,36,124.91885212281568,170.5474107104661,13,0.3,532,2024-08-06 14:25:00,2024-08-06 14:25:00,14.50273705355233,52.47459426061408,26,case1,DOM02,4.903816314917345
17,37,132.98445486291027,128.8524588407599,12,0.3,533,2024-08-06 14:25:00,2024-08-06 14:25:00,14.294262294203799,52.51492227431455,21,case1,DOM02,3.9607747158947784
17,39,136.56537185799368,81.86586815218875,16,0.3,534,2024-08-06 14:25:00,2024-08-06 14:25:00,14.059329340760945,52.53282685928997,23,case1,DOM02,4.337991355503805
17,45,77.66590318153214,172.13013900885548,5,0.5,537,2024-08-06 14:25:00,2024-08-06 14:25:00,14.510650695044276,52.238329515907665,34,case1,DOM02,6.41268287335345
18,4,13.716513764445123,53.16557844852112,11,0.3,539,2024-08-06 14:30:00,2024-08-06 14:30:00,13.915827892242607,51.918582568822224,41,case1,DOM02,7.732941111985043
18,5,16.957570736177765,151.83274067558114,7,0.3,540,2024-08-06 14:30:00,2024-08-06 14:30:00,14.409163703377907,51.93478785368089,11,case1,DOM02,2.0746915178496455
18,7,58.14322455458429,114.60673890038154,59,0.3,541,2024-08-06 14:30:00,2024-08-06 14:30:00,14.223033694501908,52.14071612277292,80,case1,DOM02,15.08866558436106
18,8,62.2664565444454,40.38853153543901,15,0.3,542,2024-08-06 14:30:00,2024-08-06 14:30:00,13.851942657677196,52.16133228272223,32,case1,DOM02,6.035466233744424
18,9,63.242566898567624,145.22860241856856,31,0.3,543,2024-08-06 14:30:00,2024-08-06 14:30:00,14.376143012092843,52.16621283449284,44,case1,DOM02,8.298766071398582
18,10,64.19519391712937,112.14034527466691,15,0.3,544,2024-08-06 14:30:00,2024-08-06 14:30:00,14.210701726373335,52.17097596958565,35,case1,DOM02,6.601291193157963
18,11,66.72845134999741,138.45654389655232,15,0.3,545,2024-08-06 14:30:00,2024-08-06 14:30:00,14.342282719482762,52.18364225674999,26,case1,DOM02,4.903816314917345
18,12,69.53326143909317,122.37174134995077,6,0.3,546,2024-08-06 14:30:00,2024-08-06 14:30:00,14.261858706749754,52.19766630719547,14,case1,DOM02,2.6405164772631853
18,14,76.46237998880339,134.03891728944063,12,0.3,547,2024-08-06 14:30:00,2024-08-06 14:30:00,14.320194586447203,52.232311899944015,24,case1,DOM02,4.526599675308318
18,15,78.29412023352508,171.45212583657332,28,0.3,548,2024-08-06 14:30:00,2024-08-06 14:30:00,14.507260629182866,52.24147060116763,37,case1,DOM02,6.97850783276699
18,17,87.44209912753948,143.12539249982302,29,0.3,549,2024-08-06 14:30:00,2024-08-06 14:30:00,14.365626962499116,52.287210495637694,44,case1,DOM02,8.298766071398582
18,20,94.31741121088979,157.31181677699624,10,0.3,551,2024-08-06 14:30:00,2024-08-06 14:30:00,14.436559083884982,52.32158705605445,20,case1,DOM02,3.772166396090265
18,21,96.89898947552614,119.24356908592253,5,0.3,552,2024-08-06 14:30:00,2024-08-06 14:30:00,14.246217845429612,52.33449494737763,27,case1,DOM02,5.092424634721858
18,23,107.73543590784456,136.35108570384645,20,0.3,554,2024-08-06 14:30:00,2024-08-06 14:30:00,14.331755428519232,52.38867717953922,27,case1,DOM02,5.092424634721858
18,24,111.47915619163314,72.80506845695345,15,0.3,555,2024-08-06 14:30:00,2024-08-06 14:30:00,14.014025342284768,52.40739578095816,45,case1,DOM02,8.487374391203096
18,25,113.21577479258028,116.23112139720769,34,0.3,556,2024-08-06 14:30:00,2024-08-06 14:30:00,14.23115560698604,52.4160788739629,57,case1,DOM02,10.750674228857255
18,27,114.3310917892511,39.70347585158103,6,0.3,557,2024-08-06 14:30:00,2024-08-06 14:30:00,13.848517379257904,52.421655458946255,18,case1,DOM02,3.3949497564812385
18,28,117.6741742532284,52.413572115817644,30,0.3,558,2024-08-06 14:30:00,2024-08-06 14:30:00,13.91206786057909,52.438370871266144,43,case1,DOM02,8.11015775159407
18,29,122.10389620418422,34.66385042391394,27,0.3,559,2024-08-06 14:30:00,2024-08-06 14:30:00,13.82331925211957,52.460519481020924,53,case1,DOM02,9.996240949639201
18,31,125.50897159970059,141.01728716746663,15,0.3,560,2024-08-06 14:30:00,2024-08-06 14:30:00,14.355086435837334,52.4775448579985,23,case1,DOM02,4.337991355503805
18,32,125.61286068827258,170.10184448540042,14,0.3,561,2024-08-06 14:30:00,2024-08-06 14:30:00,14.500509222427002,52.478064303441364,32,case1,DOM02,6.035466233744424
18,38,136.9185257757663,81.44667600937538,13,0.3,563,2024-08-06 14:30:00,2024-08-06 14:30:00,14.057233380046878,52.534592628878826,20,case1,DOM02,3.772166396090265
19,4,14.659768347977135,49.9329248800877,5,0.3,565,2024-08-06 14:35:00,2024-08-06 14:35:00,13.899664624400438,51.923298841739886,31,case1,DOM02,5.846857913939911
19,7,58.710532682294634,115.44353735464094,52,0.3,566,2024-08-06 14:35:00,2024-08-06 14:35:00,14.227217686773205,52.14355266341148,76,case1,DOM02,14.334232305143006
19,8,63.74244915863377,39.785375712263274,20,0.3,567,2024-08-06 14:35:00,2024-08-06 14:35:00,13.848926878561317,52.16871224579317,29,case1,DOM02,5.469641274330884
19,9,63.69666267912629,144.86899061593746,20,0.3,568,2024-08-06 14:35:00,2024-08-06 14:35:00,14.374344953079687,52.16848331339563,30,case1,DOM02,5.658249594135397
19,10,65.45478822568968,112.48911655712791,10,0.3,569,2024-08-06 14:35:00,2024-08-06 14:35:00,14.212445582785639,52.17727394112845,34,case1,DOM02,6.41268287335345
19,11,68.02871701888625,137.17271112958665,7,0.3,570,2024-08-06 14:35:00,2024-08-06 14:35:00,14.335863555647935,52.19014358509443,19,case1,DOM02,3.5835580762857515
19,12,76.90586689639983,133.70313911212804,23,0.3,571,2024-08-06 14:35:00,2024-08-06 14:35:00,14.31851569556064,52.234529334482,37,case1,DOM02,6.97850783276699
19,13,79.32022294485404,170.74362622770067,25,0.3,572,2024-08-06 14:35:00,2024-08-06 14:35:00,14.503718131138504,52.24660111472427,35,case1,DOM02,6.601291193157963
19,14,83.49822937013768,118.9714553004014,6,0.3,573,2024-08-06 14:35:00,2024-08-06 14:35:00,14.244857276502007,52.26749114685069,21,case1,DOM02,3.9607747158947784
19,15,88.04044391749255,142.72516929061703,47,0.3,574,2024-08-06 14:35:00,2024-08-06 14:35:00,14.363625846453084,52.290202219587464,58,case1,DOM02,10.939282548661769
19,17,96.6565242337542,119.73809248272579,9,0.3,576,2024-08-06 14:35:00,2024-08-06 14:35:00,14.248690462413629,52.33328262116877,42,case1,DOM02,7.921549431789557
19,22,108.39426345286684,136.7629157517838,21,0.3,578,2024-08-06 14:35:00,2024-08-06 14:35:00,14.33381457875892,52.391971317264336,33,case1,DOM02,6.224074553548936
19,23,113.53332134010405,115.60781083719998,37,0.3,579,2024-08-06 14:35:00,2024-08-06 14:35:00,14.228039054186,52.41766660670052,57,case1,DOM02,10.750674228857255
19,24,112.41684896808957,73.23289941597818,7,0.3,580,2024-08-06 14:35:00,2024-08-06 14:35:00,14.016164497079892,52.41208424484044,55,case1,DOM02,10.373457589248229
19,26,118.73791894915185,52.2380027249471,24,0.3,581,2024-08-06 14:35:00,2024-08-06 14:35:00,13.911190013624736,52.443689594745756,38,case1,DOM02,7.167116152571503
19,29,123.20548568344852,32.25767271634231,24,0.3,582,2024-08-06 14:35:00,2024-08-06 14:35:00,13.811288363581712,52.46602742841724,73,case1,DOM02,13.768407345729466
19,31,123.7361545366826,87.86858948364319,7,0.3,583,2024-08-06 14:35:00,2024-08-06 14:35:00,14.089342947418215,52.46868077268341,37,case1,DOM02,6.97850783276699
19,34,126.00947370501899,140.56051137463064,18,0.3,584,2024-08-06 14:35:00,2024-08-06 14:35:00,14.352802556873153,52.48004736852509,27,case1,DOM02,5.092424634721858
19,35,126.57482406566209,169.66733939305942,23,0.3,585,2024-08-06 14:35:00,2024-08-06 14:35:00,14.498336696965296,52.48287412032831,53,case1,DOM02,9.996240949639201
19,37,137.3300160787747,81.25243916280643,8,0.3,586,2024-08-06 14:35:00,2024-08-06 14:35:00,14.056262195814032,52.53665008039387,18,case1,DOM02,3.3949497564812385
20,5,15.133545940908007,50.37041513819597,6,0.3,589,2024-08-06 14:40:00,2024-08-06 14:40:00,13.90185207569098,51.925667729704536,15,case1,DOM02,2.8291247970676987
20,8,59.07829191267991,116.21284941287206,57,0.3,590,2024-08-06 14:40:00,2024-08-06 14:40:00,14.23106424706436,52.1453914595634,79,case1,DOM02,14.900057264556546
20,9,64.58323599021747,144.35152408157361,15,0.3,591,2024-08-06 14:40:00,2024-08-06 14:40:00,14.371757620407868,52.17291617995109,28,case1,DOM02,5.281032954526371
20,10,65.68932912154852,38.43440507648771,19,0.3,592,2024-08-06 14:40:00,2024-08-06 14:40:00,13.842172025382439,52.17844664560774,32,case1,DOM02,6.035466233744424
20,11,65.79876462011435,111.65710021340979,17,0.3,593,2024-08-06 14:40:00,2024-08-06 14:40:00,14.20828550106705,52.17899382310057,36,case1,DOM02,6.789899512962477
20,12,77.78519425223391,132.57365283593418,34,0.3,594,2024-08-06 14:40:00,2024-08-06 14:40:00,14.31286826417967,52.23892597126117,52,case1,DOM02,9.80763262983469
20,13,80.43279603314713,169.89037825256977,19,0.3,595,2024-08-06 14:40:00,2024-08-06 14:40:00,14.499451891262849,52.25216398016574,26,case1,DOM02,4.903816314917345
20,16,88.53474404397822,141.59404664809063,62,0.3,596,2024-08-06 14:40:00,2024-08-06 14:40:00,14.357970233240453,52.292673720219895,76,case1,DOM02,14.334232305143006
20,20,97.21813275449625,120.09480930755836,11,0.3,599,2024-08-06 14:40:00,2024-08-06 14:40:00,14.250474046537791,52.33609066377248,51,case1,DOM02,9.619024310030175
20,24,109.40467039065463,136.75355099112022,25,0.3,601,2024-08-06 14:40:00,2024-08-06 14:40:00,14.333767754955602,52.39702335195327,45,case1,DOM02,8.487374391203096
20,26,113.63918152791032,115.06579243384262,43,0.3,602,2024-08-06 14:40:00,2024-08-06 14:40:00,14.225328962169213,52.41819590763955,56,case1,DOM02,10.562065909052741
20,29,118.97906768917754,33.84742740162054,9,0.3,603,2024-08-06 14:40:00,2024-08-06 14:40:00,13.819237137008104,52.44489533844589,28,case1,DOM02,5.281032954526371
20,30,119.72660628399511,51.11379529055072,15,0.3,604,2024-08-06 14:40:00,2024-08-06 14:40:00,13.905568976452754,52.44863303141998,28,case1,DOM02,5.281032954526371
20,33,124.19101315189037,88.1772179316639,26,0.3,605,2024-08-06 14:40:00,2024-08-06 14:40:00,14.09088608965832,52.47095506575945,50,case1,DOM02,9.430415990225661
20,34,124.78142713682702,29.1232957626095,13,0.3,606,2024-08-06 14:40:00,2024-08-06 14:40:00,13.795616478813047,52.47390713568414,41,case1,DOM02,7.732941111985043
20,35,125.44014242053545,45.87867120413121,8,0.3,607,2024-08-06 14:40:00,2024-08-06 14:40:00,13.879393356020657,52.47720071210268,28,case1,DOM02,5.281032954526371
20,36,127.36719011971465,169.35444651427534,35,0.3,608,2024-08-06 14:40:00,2024-08-06 14:40:00,14.496772232571375,52.486835950598575,60,case1,DOM02,11.316499188270795
20,37,126.76285384181043,139.74654972073722,17,0.3,609,2024-08-06 14:40:00,2024-08-06 14:40:00,14.348732748603686,52.48381426920905,28,case1,DOM02,5.281032954526371
21,5,54.531140480369935,158.62373295127668,6,0.3,611,2024-08-06 14:45:00,2024-08-06 14:45:00,14.443118664756383,52.12265570240185,20,case1,DOM02,3.772166396090265
21,6,58.87981979543812,117.10934073202979,53,0.3,612,2024-08-06 14:45:00,2024-08-06 14:45:00,14.235546703660148,52.144399098977196,85,case1,DOM02,16.031707183383624
21,7,65.22018225317413,144.22219639340386,9,0.3,613,2024-08-06 14:45:00,2024-08-06 14:45:00,14.37111098196702,52.17610091126587,20,case1,DOM02,3.772166396090265
21,8,67.00892523100632,37.15797812158478,23,0.3,614,2024-08-06 14:45:00,2024-08-06 14:45:00,13.835789890607925,52.18504462615503,38,case1,DOM02,7.167116152571503
21,9,67.00965398255447,111.40987633157211,22,0.3,615,2024-08-06 14:45:00,2024-08-06 14:45:00,14.20704938165786,52.18504826991278,42,case1,DOM02,7.921549431789557
21,11,78.0175955428779,131.50976949675905,44,0.3,616,2024-08-06 14:45:00,2024-08-06 14:45:00,14.307548847483796,52.24008797771439,67,case1,DOM02,12.636757426902387
21,12,81.71619466729628,168.18598295909683,6,0.3,617,2024-08-06 14:45:00,2024-08-06 14:45:00,14.490929914795483,52.25858097333648,13,case1,DOM02,2.4519081574586723
21,15,89.33818411252687,140.92767519136393,82,0.3,618,2024-08-06 14:45:00,2024-08-06 14:45:00,14.35463837595682,52.29669092056263,105,case1,DOM02,19.80387357947389
21,17,90.60731262417261,8.730007148414513,8,0.3,620,2024-08-06 14:45:00,2024-08-06 14:45:00,13.693650035742072,52.30303656312086,13,case1,DOM02,2.4519081574586723
21,19,98.54183947840012,120.18057208220536,20,0.3,621,2024-08-06 14:45:00,2024-08-06 14:45:00,14.250902860411028,52.342709197392004,49,case1,DOM02,9.24180767042115
21,22,110.21641483189725,137.30102346538908,31,0.3,623,2024-08-06 14:45:00,2024-08-06 14:45:00,14.336505117326945,52.40108207415948,47,case1,DOM02,8.864591030812122
21,23,113.37133591553366,114.41035415314802,43,0.3,624,2024-08-06 14:45:00,2024-08-06 14:45:00,14.22205177076574,52.41685667957767,57,case1,DOM02,10.750674228857255
21,27,125.47337084591233,87.67501633529686,30,0.3,625,2024-08-06 14:45:00,2024-08-06 14:45:00,14.088375081676485,52.47736685422956,56,case1,DOM02,10.562065909052741
21,28,125.96544994578748,43.42793394453687,26,0.3,626,2024-08-06 14:45:00,2024-08-06 14:45:00,13.867139669722684,52.479827249728935,36,case1,DOM02,6.789899512962477
21,29,126.29636298394087,26.969099440773313,15,0.3,627,2024-08-06 14:45:00,2024-08-06 14:45:00,13.784845497203866,52.481481814919704,45,case1,DOM02,8.487374391203096
21,30,128.00391760538068,169.30613372707822,38,0.3,628,2024-08-06 14:45:00,2024-08-06 14:45:00,14.49653066863539,52.490019588026904,59,case1,DOM02,11.127890868466283
21,31,127.41272127570979,137.80998136665784,10,0.3,629,2024-08-06 14:45:00,2024-08-06 14:45:00,14.339049906833289,52.48706360637855,29,case1,DOM02,5.469641274330884
22,5,55.628853992379774,156.45602700684347,7,0.3,632,2024-08-06 14:50:00,2024-08-06 14:50:00,14.432280135034217,52.1281442699619,28,case1,DOM02,5.281032954526371
22,6,59.15354899110255,116.56849065763441,56,0.3,633,2024-08-06 14:50:00,2024-08-06 14:50:00,14.232842453288171,52.14576774495551,85,case1,DOM02,16.031707183383624
22,7,67.3277649061537,111.75033027825147,25,0.3,634,2024-08-06 14:50:00,2024-08-06 14:50:00,14.208751651391259,52.18663882453077,65,case1,DOM02,12.259540787293362
22,10,68.37307503524075,36.16193255406819,15,0.3,635,2024-08-06 14:50:00,2024-08-06 14:50:00,13.83080966277034,52.1918653751762,38,case1,DOM02,7.167116152571503
22,11,77.91817825190864,130.64959452294946,50,0.3,636,2024-08-06 14:50:00,2024-08-06 14:50:00,14.303247972614747,52.239590891259546,68,case1,DOM02,12.8253657467069
22,13,85.847162481036,117.27034863600706,6,0.3,637,2024-08-06 14:50:00,2024-08-06 14:50:00,14.236351743180036,52.27923581240518,13,case1,DOM02,2.4519081574586723
22,20,99.05342594970163,121.3583104833665,12,0.3,639,2024-08-06 14:50:00,2024-08-06 14:50:00,14.256791552416832,52.34526712974851,17,case1,DOM02,3.206341436676725
22,21,101.89795896690406,116.34634803028797,5,0.3,640,2024-08-06 14:50:00,2024-08-06 14:50:00,14.23173174015144,52.359489794834516,17,case1,DOM02,3.206341436676725
22,23,111.23468035898338,136.94751573874225,32,0.3,641,2024-08-06 14:50:00,2024-08-06 14:50:00,14.334737578693712,52.406173401794916,48,case1,DOM02,9.053199350616635
22,24,114.08909338827267,113.68391938926635,55,0.3,642,2024-08-06 14:50:00,2024-08-06 14:50:00,14.218419596946331,52.420445466941366,75,case1,DOM02,14.145623985338494
22,25,116.18472403842566,62.04111989153914,24,0.3,643,2024-08-06 14:50:00,2024-08-06 14:50:00,13.960205599457696,52.430923620192125,40,case1,DOM02,7.54433279218053
22,26,116.14209776495385,53.20275982552438,5,0.3,644,2024-08-06 14:50:00,2024-08-06 14:50:00,13.916013799127622,52.43071048882477,25,case1,DOM02,4.715207995112831
22,27,126.22974499619781,87.30226452391265,31,0.3,645,2024-08-06 14:50:00,2024-08-06 14:50:00,14.086511322619565,52.48114872498099,54,case1,DOM02,10.184849269443715
22,28,127.26824443828343,42.01761786390192,35,0.3,646,2024-08-06 14:50:00,2024-08-06 14:50:00,13.86008808931951,52.48634122219142,47,case1,DOM02,8.864591030812122
22,29,127.45751926955141,23.650519320056805,21,0.3,647,2024-08-06 14:50:00,2024-08-06 14:50:00,13.768252596600284,52.487287596347755,41,case1,DOM02,7.732941111985043
22,30,128.60872040925162,169.86653133936508,43,0.3,648,2024-08-06 14:50:00,2024-08-06 14:50:00,14.499332656696826,52.49304360204626,68,case1,DOM02,12.8253657467069
22,32,128.32525660812448,137.0060842581508,9,0.3,649,2024-08-06 14:50:00,2024-08-06 14:50:00,14.335030421290755,52.491626283040624,26,case1,DOM02,4.903816314917345
22,34,134.48136368919043,31.944616457405754,5,0.3,650,2024-08-06 14:50:00,2024-08-06 14:50:00,13.809723082287029,52.52240681844595,16,case1,DOM02,3.017733116872212
22,38,90.18662944152763,140.57852803622956,19,0.5,652,2024-08-06 14:50:00,2024-08-06 14:50:00,14.352892640181148,52.30093314720764,133,case1,DOM02,25.08490653400026
23,5,54.03198906304389,119.6113095458877,15,0.3,654,2024-08-06 14:55:00,2024-08-06 14:55:00,14.248056547729439,52.120159945315216,33,case1,DOM02,6.224074553548936
23,8,59.433153049388196,116.32358877319234,55,0.3,655,2024-08-06 14:55:00,2024-08-06 14:55:00,14.231617943865961,52.14716576524694,81,case1,DOM02,15.277273904165574
23,11,67.83643764345302,112.54959139429606,48,0.3,656,2024-08-06 14:55:00,2024-08-06 14:55:00,14.21274795697148,52.189182188217266,83,case1,DOM02,15.6544905437746
23,12,70.47997519804545,35.25572447283227,7,0.3,657,2024-08-06 14:55:00,2024-08-06 14:55:00,13.82627862236416,52.20239987599023,33,case1,DOM02,6.224074553548936
23,13,77.70347800733701,130.57357498181207,57,0.3,658,2024-08-06 14:55:00,2024-08-06 14:55:00,14.30286787490906,52.238517390036684,78,case1,DOM02,14.711448944752034
23,14,83.161787708884,124.1083849342474,17,0.3,659,2024-08-06 14:55:00,2024-08-06 14:55:00,14.270541924671237,52.265808938544424,23,case1,DOM02,4.337991355503805
23,15,85.82253514123711,116.85223922375296,5,0.3,660,2024-08-06 14:55:00,2024-08-06 14:55:00,14.234261196118764,52.27911267570619,20,case1,DOM02,3.772166396090265
23,19,111.98847123518698,136.43870854501847,32,0.3,662,2024-08-06 14:55:00,2024-08-06 14:55:00,14.332193542725093,52.40994235617593,46,case1,DOM02,8.67598271100761
23,20,115.84903175820483,112.68284054078404,76,0.3,663,2024-08-06 14:55:00,2024-08-06 14:55:00,14.21341420270392,52.429245158791026,104,case1,DOM02,19.61526525966938
23,21,116.44132577227211,61.79300443945764,43,0.3,664,2024-08-06 14:55:00,2024-08-06 14:55:00,13.958965022197289,52.43220662886136,58,case1,DOM02,10.939282548661769
23,22,116.31102915204383,51.627873427291334,7,0.3,665,2024-08-06 14:55:00,2024-08-06 14:55:00,13.908139367136457,52.43155514576022,19,case1,DOM02,3.5835580762857515
23,23,127.02992507407761,86.38340304880668,24,0.3,666,2024-08-06 14:55:00,2024-08-06 14:55:00,14.081917015244034,52.48514962537039,43,case1,DOM02,8.11015775159407
23,24,128.7470203003078,41.35141046531688,39,0.3,667,2024-08-06 14:55:00,2024-08-06 14:55:00,13.856757052326584,52.493735101501535,49,case1,DOM02,9.24180767042115
23,25,128.1490809330737,22.43183468977993,17,0.3,668,2024-08-06 14:55:00,2024-08-06 14:55:00,13.7621591734489,52.49074540466537,40,case1,DOM02,7.54433279218053
23,26,129.289255902572,170.13507919941364,56,0.3,669,2024-08-06 14:55:00,2024-08-06 14:55:00,14.50067539599707,52.49644627951286,83,case1,DOM02,15.6544905437746
23,30,135.82274542029998,32.2237480392888,13,0.3,670,2024-08-06 14:55:00,2024-08-06 14:55:00,13.811118740196445,52.5291137271015,31,case1,DOM02,5.846857913939911
23,34,89.86336332634406,144.4353179748498,9,0.5,672,2024-08-06 14:55:00,2024-08-06 14:55:00,14.372176589874249,52.299316816631716,130,case1,DOM02,24.519081574586725
23,36,91.00305962207054,138.8852341933487,7,0.5,673,2024-08-06 14:55:00,2024-08-06 14:55:00,14.344426170966743,52.305015298110355,15,case1,DOM02,2.8291247970676987
23,37,92.81358931770542,135.55764362855672,5,0.5,674,2024-08-06 14:55:00,2024-08-06 14:55:00,14.327788218142784,52.31406794658852,40,case1,DOM02,7.54433279218053
24,3,15.493740718766766,131.29411079340784,8,0.3,675,2024-08-06 15:00:00,2024-08-06 15:00:00,14.306470553967038,51.92746870359383,20,case1,DOM02,3.772166396090265
24,5,54.58226788978034,120.25065670884442,17,0.3,677,2024-08-06 15:00:00,2024-08-06 15:00:00,14.251253283544223,52.1229113394489,34,case1,DOM02,6.41268287335345
24,6,55.36179103310009,158.56084576827917,18,0.3,678,2024-08-06 15:00:00,2024-08-06 15:00:00,14.442804228841396,52.1268089551655,32,case1,DOM02,6.035466233744424
24,7,60.00674022121418,115.99697533579504,57,0.3,679,2024-08-06 15:00:00,2024-08-06 15:00:00,14.229984876678976,52.15003370110607,87,case1,DOM02,16.40892382299265
24,9,61.93288736305522,149.88525648710754,15,0.3,680,2024-08-06 15:00:00,2024-08-06 15:00:00,14.399426282435538,52.15966443681527,31,case1,DOM02,5.846857913939911
24,10,68.71721721859691,113.21149468420909,50,0.3,681,2024-08-06 15:00:00,2024-08-06 15:00:00,14.216057473421046,52.193586086092985,78,case1,DOM02,14.711448944752034
24,11,66.35243084005033,140.08642245051834,7,0.3,682,2024-08-06 15:00:00,2024-08-06 15:00:00,14.35043211225259,52.18176215420025,21,case1,DOM02,3.9607747158947784
24,14,77.78562769896887,129.5522427704599,54,0.3,683,2024-08-06 15:00:00,2024-08-06 15:00:00,14.2977612138523,52.23892813849485,86,case1,DOM02,16.22031550318814
24,15,83.66893915384662,123.89187501159226,22,0.3,684,2024-08-06 15:00:00,2024-08-06 15:00:00,14.269459375057961,52.26834469576924,47,case1,DOM02,8.864591030812122
24,18,89.36687149905914,18.63818372402607,5,0.3,685,2024-08-06 15:00:00,2024-08-06 15:00:00,13.74319091862013,52.29683435749529,14,case1,DOM02,2.6405164772631853
24,20,112.58929588511246,134.37235166154034,24,0.3,687,2024-08-06 15:00:00,2024-08-06 15:00:00,14.321861758307701,52.412946479425564,50,case1,DOM02,9.430415990225661
24,21,117.73992594903709,111.13263567906701,83,0.3,688,2024-08-06 15:00:00,2024-08-06 15:00:00,14.205663178395335,52.43869962974519,108,case1,DOM02,20.36969853888743
24,22,116.44750558368064,50.75211525184213,9,0.3,689,2024-08-06 15:00:00,2024-08-06 15:00:00,13.90376057625921,52.4322375279184,20,case1,DOM02,3.772166396090265
24,23,117.07018425274195,60.67736300482225,47,0.3,690,2024-08-06 15:00:00,2024-08-06 15:00:00,13.95338681502411,52.43535092126371,63,case1,DOM02,11.882324147684335
24,24,126.91219816704324,58.93083753639121,7,0.3,691,2024-08-06 15:00:00,2024-08-06 15:00:00,13.944654187681957,52.48456099083521,15,case1,DOM02,2.8291247970676987
24,25,127.54487084464905,117.3666693703193,6,0.3,692,2024-08-06 15:00:00,2024-08-06 15:00:00,14.236833346851597,52.487724354223246,30,case1,DOM02,5.658249594135397
24,26,129.6393019544608,20.503739748116434,20,0.3,693,2024-08-06 15:00:00,2024-08-06 15:00:00,13.752518698740582,52.498196509772306,39,case1,DOM02,7.355724472376017
24,27,129.958018265176,41.758656042168624,20,0.3,694,2024-08-06 15:00:00,2024-08-06 15:00:00,13.858793280210843,52.49979009132588,37,case1,DOM02,6.97850783276699
24,30,130.17256281954465,169.87627136885752,68,0.3,695,2024-08-06 15:00:00,2024-08-06 15:00:00,14.499381356844287,52.50086281409772,92,case1,DOM02,17.35196542201522
24,34,135.959924265198,31.593360257706024,27,0.3,696,2024-08-06 15:00:00,2024-08-06 15:00:00,13.807966801288531,52.52979962132599,42,case1,DOM02,7.921549431789557
24,39,89.98422635944398,142.86496821386115,13,0.5,698,2024-08-06 15:00:00,2024-08-06 15:00:00,14.364324841069307,52.29992113179722,150,case1,DOM02,28.291247970676988
24,42,93.15145509965734,134.37000410120092,6,0.5,699,2024-08-06 15:00:00,2024-08-06 15:00:00,14.321850020506005,52.315757275498285,58,case1,DOM02,10.939282548661769
